Country|SourceCustomerType|SourceCustomerName|SourceCustomerCode|SourceCustomerIsDirect|SourceCustomerDiageoSAPCode|WarehouseName|WarehouseCode|OutletCode|OutletDiageoEdgeCode|OutletName|OutletAddress|City|Region|LocalSegment1|LocalSegment2|LocalSegment3|LocalSegment4|OutletChannel|OutletStatus|ProductCode|ProductDiageoSAPCode|ProductName|ProductVolume|PackagingConfiguration|PackType|Date|Stock Type|StockQuantity|UnitOfMeasure|VolumeBottle|VolumeActualCase|VolumeLitre|VolumeEquivalentUnits|TotalAmount|CurrencyCode
CA-AB|State Monopoly|Alberta|""|""|0010017645|Alberta Warehouse Total|Alberta Warehouse Total|""|""|""|""|""|""|""|""|""|""|""|""|67|""|SMIRNOFF 750|""|""|""|2026-02-28|OnHand|5133|""|""|""|""|""||CAD
CA-AB|State Monopoly|Alberta|""|""|0010017645|Alberta Warehouse Total|Alberta Warehouse Total|""|""|""|""|""|""|""|""|""|""|""|""|240|""|SMIRNOFF 375|""|""|""|2026-02-28|OnHand|7029|""|""|""|""|""||CAD
CA-AB|State Monopoly|Alberta|""|""|0010017645|Alberta Warehouse Total|Alberta Warehouse Total|""|""|""|""|""|""|""|""|""|""|""|""|240|""|SMIRNOFF 375|""|""|""|2026-02-28|OnOrder|1560|""|""|""|""|""||CAD
CA-AB|State Monopoly|Alberta|""|""|0010017645|Alberta Warehouse Total|Alberta Warehouse Total|""|""|""|""|""|""|""|""|""|""|""|""|935|""|CAPTAIN MORGAN WHITE 750|""|""|""|2026-02-28|OnHand|547|""|""|""|""|""||CAD
CA-AB|State Monopoly|Alberta|""|""|0010017645|Alberta Warehouse Total|Alberta Warehouse Total|""|""|""|""|""|""|""|""|""|""|""|""|1040|""|GORDON'S LONDON DRY 750|""|""|""|2026-02-28|OnHand|743|""|""|""|""|""||CAD
CA-AB|State Monopoly|Alberta|""|""|0010017645|Alberta Warehouse Total|Alberta Warehouse Total|""|""|""|""|""|""|""|""|""|""|""|""|1099|""|JOHNNIE WALKER RED LABEL 750|""|""|""|2026-02-28|OnHand|875|""|""|""|""|""||CAD
CA-AB|State Monopoly|Alberta|""|""|0010017645|Alberta Warehouse Total|Alberta Warehouse Total|""|""|""|""|""|""|""|""|""|""|""|""|1099|""|JOHNNIE WALKER RED LABEL 750|""|""|""|2026-02-28|OnOrder|720|""|""|""|""|""||CAD
CA-AB|State Monopoly|Alberta|""|""|0010017645|Alberta Warehouse Total|Alberta Warehouse Total|""|""|""|""|""|""|""|""|""|""|""|""|1487|""|CROWN ROYAL 750|""|""|""|2026-02-28|OnHand|3033|""|""|""|""|""||CAD
CA-AB|State Monopoly|Alberta|""|""|0010017645|Alberta Warehouse Total|Alberta Warehouse Total|""|""|""|""|""|""|""|""|""|""|""|""|2196|""|CAPTAIN MORGAN DARK RUM 750|""|""|""|2026-02-28|OnHand|505|""|""|""|""|""||CAD
CA-AB|State Monopoly|Alberta|""|""|0010017645|Alberta Warehouse Total|Alberta Warehouse Total|""|""|""|""|""|""|""|""|""|""|""|""|2360|""|J & B RARE 750|""|""|""|2026-02-28|OnHand|393|""|""|""|""|""||CAD
CA-AB|State Monopoly|Alberta|""|""|0010017645|Alberta Warehouse Total|Alberta Warehouse Total|""|""|""|""|""|""|""|""|""|""|""|""|2691|""|TANQUERAY LONDON DRY GIN 750|""|""|""|2026-02-28|OnHand|2012|""|""|""|""|""||CAD
CA-AB|State Monopoly|Alberta|""|""|0010017645|Alberta Warehouse Total|Alberta Warehouse Total|""|""|""|""|""|""|""|""|""|""|""|""|2691|""|TANQUERAY LONDON DRY GIN 750|""|""|""|2026-02-28|OnOrder|600|""|""|""|""|""||CAD
CA-AB|State Monopoly|Alberta|""|""|0010017645|Alberta Warehouse Total|Alberta Warehouse Total|""|""|""|""|""|""|""|""|""|""|""|""|3467|""|JOHNNIE WALKER RED LABEL 375|""|""|""|2026-02-28|OnHand|105|""|""|""|""|""||CAD
CA-AB|State Monopoly|Alberta|""|""|0010017645|Alberta Warehouse Total|Alberta Warehouse Total|""|""|""|""|""|""|""|""|""|""|""|""|3467|""|JOHNNIE WALKER RED LABEL 375|""|""|""|2026-02-28|OnOrder|56|""|""|""|""|""||CAD
CA-AB|State Monopoly|Alberta|""|""|0010017645|Alberta Warehouse Total|Alberta Warehouse Total|""|""|""|""|""|""|""|""|""|""|""|""|3913|""|GORDON'S LONDON DRY 375|""|""|""|2026-02-28|OnHand|92|""|""|""|""|""||CAD
CA-AB|State Monopoly|Alberta|""|""|0010017645|Alberta Warehouse Total|Alberta Warehouse Total|""|""|""|""|""|""|""|""|""|""|""|""|4788|""|CAPTAIN MORGAN GOLD 750|""|""|""|2026-02-28|OnHand|284|""|""|""|""|""||CAD
CA-AB|State Monopoly|Alberta|""|""|0010017645|Alberta Warehouse Total|Alberta Warehouse Total|""|""|""|""|""|""|""|""|""|""|""|""|5959|""|BAILEYS ORIGINAL IRISH CREAM 750|""|""|""|2026-02-28|OnHand|3647|""|""|""|""|""||CAD
CA-AB|State Monopoly|Alberta|""|""|0010017645|Alberta Warehouse Total|Alberta Warehouse Total|""|""|""|""|""|""|""|""|""|""|""|""|5959|""|BAILEYS ORIGINAL IRISH CREAM 750|""|""|""|2026-02-28|OnOrder|264|""|""|""|""|""||CAD
CA-AB|State Monopoly|Alberta|""|""|0010017645|Alberta Warehouse Total|Alberta Warehouse Total|""|""|""|""|""|""|""|""|""|""|""|""|7880|""|JOHNNIE WALKER BLACK LABEL 750|""|""|""|2026-02-28|OnHand|601|""|""|""|""|""||CAD
CA-AB|State Monopoly|Alberta|""|""|0010017645|Alberta Warehouse Total|Alberta Warehouse Total|""|""|""|""|""|""|""|""|""|""|""|""|7880|""|JOHNNIE WALKER BLACK LABEL 750|""|""|""|2026-02-28|OnOrder|192|""|""|""|""|""||CAD
CA-AB|State Monopoly|Alberta|""|""|0010017645|Alberta Warehouse Total|Alberta Warehouse Total|""|""|""|""|""|""|""|""|""|""|""|""|8599|""|BELLS EXTRA SPECIAL 750|""|""|""|2026-02-28|OnHand|169|""|""|""|""|""||CAD
CA-AB|State Monopoly|Alberta|""|""|0010017645|Alberta Warehouse Total|Alberta Warehouse Total|""|""|""|""|""|""|""|""|""|""|""|""|9043|""|CROWN ROYAL 375|""|""|""|2026-02-28|OnHand|640|""|""|""|""|""||CAD
CA-AB|State Monopoly|Alberta|""|""|0010017645|Alberta Warehouse Total|Alberta Warehouse Total|""|""|""|""|""|""|""|""|""|""|""|""|13789|""|CAPTAIN MORGAN WHITE 375|""|""|""|2026-02-28|OnHand|187|""|""|""|""|""||CAD
CA-AB|State Monopoly|Alberta|""|""|0010017645|Alberta Warehouse Total|Alberta Warehouse Total|""|""|""|""|""|""|""|""|""|""|""|""|22640|""|SILENT SAM 375|""|""|""|2026-02-28|OnHand|253|""|""|""|""|""||CAD
CA-AB|State Monopoly|Alberta|""|""|0010017645|Alberta Warehouse Total|Alberta Warehouse Total|""|""|""|""|""|""|""|""|""|""|""|""|22640|""|SILENT SAM 375|""|""|""|2026-02-28|OnOrder|156|""|""|""|""|""||CAD
CA-AB|State Monopoly|Alberta|""|""|0010017645|Alberta Warehouse Total|Alberta Warehouse Total|""|""|""|""|""|""|""|""|""|""|""|""|32425|""|TANQUERAY LONDON DRY GIN 375|""|""|""|2026-02-28|OnHand|239|""|""|""|""|""||CAD
CA-AB|State Monopoly|Alberta|""|""|0010017645|Alberta Warehouse Total|Alberta Warehouse Total|""|""|""|""|""|""|""|""|""|""|""|""|34124|""|RON CARIOCA WHITE 1750|""|""|""|2026-02-28|OnHand|76|""|""|""|""|""||CAD
CA-AB|State Monopoly|Alberta|""|""|0010017645|Alberta Warehouse Total|Alberta Warehouse Total|""|""|""|""|""|""|""|""|""|""|""|""|38505|""|SMIRNOFF 1750|""|""|""|2026-02-28|OnHand|7223|""|""|""|""|""||CAD
CA-AB|State Monopoly|Alberta|""|""|0010017645|Alberta Warehouse Total|Alberta Warehouse Total|""|""|""|""|""|""|""|""|""|""|""|""|38505|""|SMIRNOFF 1750|""|""|""|2026-02-28|OnOrder|3200|""|""|""|""|""||CAD
CA-AB|State Monopoly|Alberta|""|""|0010017645|Alberta Warehouse Total|Alberta Warehouse Total|""|""|""|""|""|""|""|""|""|""|""|""|68627|""|O'DARBY IRISH CREAM 750|""|""|""|2026-02-28|OnOrder|60|""|""|""|""|""||CAD
CA-AB|State Monopoly|Alberta|""|""|0010017645|Alberta Warehouse Total|Alberta Warehouse Total|""|""|""|""|""|""|""|""|""|""|""|""|74393|""|BAILEYS ORIGINAL IRISH CREAM 375|""|""|""|2026-02-28|OnHand|1597|""|""|""|""|""||CAD
CA-AB|State Monopoly|Alberta|""|""|0010017645|Alberta Warehouse Total|Alberta Warehouse Total|""|""|""|""|""|""|""|""|""|""|""|""|80929|""|J & B RARE 1000|""|""|""|2026-02-28|OnHand|46|""|""|""|""|""||CAD
CA-AB|State Monopoly|Alberta|""|""|0010017645|Alberta Warehouse Total|Alberta Warehouse Total|""|""|""|""|""|""|""|""|""|""|""|""|81018|""|JOHNNIE WALKER BLACK LABEL 12 YR 1000|""|""|""|2026-02-28|OnHand|325|""|""|""|""|""||CAD
CA-AB|State Monopoly|Alberta|""|""|0010017645|Alberta Warehouse Total|Alberta Warehouse Total|""|""|""|""|""|""|""|""|""|""|""|""|81026|""|JOHNNIE WALKER RED LABEL 1000|""|""|""|2026-02-28|OnHand|104|""|""|""|""|""||CAD
CA-AB|State Monopoly|Alberta|""|""|0010017645|Alberta Warehouse Total|Alberta Warehouse Total|""|""|""|""|""|""|""|""|""|""|""|""|81141|""|GORDON'S LONDON DRY 1000|""|""|""|2026-02-28|OnHand|58|""|""|""|""|""||CAD
CA-AB|State Monopoly|Alberta|""|""|0010017645|Alberta Warehouse Total|Alberta Warehouse Total|""|""|""|""|""|""|""|""|""|""|""|""|81166|""|TANQUERAY LONDON DRY GIN 1000|""|""|""|2026-02-28|OnHand|200|""|""|""|""|""||CAD
CA-AB|State Monopoly|Alberta|""|""|0010017645|Alberta Warehouse Total|Alberta Warehouse Total|""|""|""|""|""|""|""|""|""|""|""|""|98814|""|GRAND OLD PARR DELUXE 12 YR OLD 1000|""|""|""|2026-02-28|OnHand|1|""|""|""|""|""||CAD
CA-AB|State Monopoly|Alberta|""|""|0010017645|Alberta Warehouse Total|Alberta Warehouse Total|""|""|""|""|""|""|""|""|""|""|""|""|100307|""|CAPTAIN MORGAN COCKTAIL COLLECTION 4260|""|""|""|2026-02-28|OnHand|1277|""|""|""|""|""||CAD
CA-AB|State Monopoly|Alberta|""|""|0010017645|Alberta Warehouse Total|Alberta Warehouse Total|""|""|""|""|""|""|""|""|""|""|""|""|100307|""|CAPTAIN MORGAN COCKTAIL COLLECTION 4260|""|""|""|2026-02-28|OnOrder|520|""|""|""|""|""||CAD
CA-AB|State Monopoly|Alberta|""|""|0010017645|Alberta Warehouse Total|Alberta Warehouse Total|""|""|""|""|""|""|""|""|""|""|""|""|100308|""|DON JULIO ROSADO 750|""|""|""|2026-02-28|OnHand|253|""|""|""|""|""||CAD
CA-AB|State Monopoly|Alberta|""|""|0010017645|Alberta Warehouse Total|Alberta Warehouse Total|""|""|""|""|""|""|""|""|""|""|""|""|100309|""|SMIRNOFF ICE LEMON TEA 6X355ML 2130|""|""|""|2026-02-28|OnHand|3931|""|""|""|""|""||CAD
CA-AB|State Monopoly|Alberta|""|""|0010017645|Alberta Warehouse Total|Alberta Warehouse Total|""|""|""|""|""|""|""|""|""|""|""|""|100310|""|SMIRNOFF ICE LEMON TEA 473ML 473|""|""|""|2026-02-28|OnHand|400|""|""|""|""|""||CAD
CA-AB|State Monopoly|Alberta|""|""|0010017645|Alberta Warehouse Total|Alberta Warehouse Total|""|""|""|""|""|""|""|""|""|""|""|""|100311|""|SMIRNOFF ICE PEACH TEA 6X355ML 2130|""|""|""|2026-02-28|OnHand|1965|""|""|""|""|""||CAD
CA-AB|State Monopoly|Alberta|""|""|0010017645|Alberta Warehouse Total|Alberta Warehouse Total|""|""|""|""|""|""|""|""|""|""|""|""|100314|""|SMIRNOFF VODKA & SODA PARTY PACK 4260|""|""|""|2026-02-28|OnHand|578|""|""|""|""|""||CAD
CA-AB|State Monopoly|Alberta|""|""|0010017645|Alberta Warehouse Total|Alberta Warehouse Total|""|""|""|""|""|""|""|""|""|""|""|""|100315|""|SMIRNOFF VODKA & SODA CREAMSICLE BLAST 2130|""|""|""|2026-02-28|OnHand|744|""|""|""|""|""||CAD
CA-AB|State Monopoly|Alberta|""|""|0010017645|Alberta Warehouse Total|Alberta Warehouse Total|""|""|""|""|""|""|""|""|""|""|""|""|100315|""|SMIRNOFF VODKA & SODA CREAMSICLE BLAST 2130|""|""|""|2026-02-28|OnOrder|192|""|""|""|""|""||CAD
CA-AB|State Monopoly|Alberta|""|""|0010017645|Alberta Warehouse Total|Alberta Warehouse Total|""|""|""|""|""|""|""|""|""|""|""|""|101424|""|CROWN ROYAL BLACKBERRY 750|""|""|""|2026-02-28|OnHand|583|""|""|""|""|""||CAD
CA-AB|State Monopoly|Alberta|""|""|0010017645|Alberta Warehouse Total|Alberta Warehouse Total|""|""|""|""|""|""|""|""|""|""|""|""|101425|""|CROWN ROYAL SINGLE MALT 750|""|""|""|2026-02-28|OnHand|37|""|""|""|""|""||CAD
CA-AB|State Monopoly|Alberta|""|""|0010017645|Alberta Warehouse Total|Alberta Warehouse Total|""|""|""|""|""|""|""|""|""|""|""|""|102746|""|JOHNNIE WALKER BLACK TRIPLE CASK EDITION 1000|""|""|""|2026-02-28|OnHand|283|""|""|""|""|""||CAD
CA-AB|State Monopoly|Alberta|""|""|0010017645|Alberta Warehouse Total|Alberta Warehouse Total|""|""|""|""|""|""|""|""|""|""|""|""|103203|""|SILENT SAM 750 PET 750|""|""|""|2026-02-28|OnHand|562|""|""|""|""|""||CAD
CA-AB|State Monopoly|Alberta|""|""|0010017645|Alberta Warehouse Total|Alberta Warehouse Total|""|""|""|""|""|""|""|""|""|""|""|""|103203|""|SILENT SAM 750 PET 750|""|""|""|2026-02-28|OnOrder|420|""|""|""|""|""||CAD
CA-AB|State Monopoly|Alberta|""|""|0010017645|Alberta Warehouse Total|Alberta Warehouse Total|""|""|""|""|""|""|""|""|""|""|""|""|103204|""|SILENT SAM 1750 PET 1750|""|""|""|2026-02-28|OnHand|104|""|""|""|""|""||CAD
CA-AB|State Monopoly|Alberta|""|""|0010017645|Alberta Warehouse Total|Alberta Warehouse Total|""|""|""|""|""|""|""|""|""|""|""|""|103205|""|TROIKA 1750 PET 1750|""|""|""|2026-02-28|OnHand|234|""|""|""|""|""||CAD
CA-AB|State Monopoly|Alberta|""|""|0010017645|Alberta Warehouse Total|Alberta Warehouse Total|""|""|""|""|""|""|""|""|""|""|""|""|103410|""|CASAMIGOS CRISTALINO 750|""|""|""|2026-02-28|OnHand|510|""|""|""|""|""||CAD
CA-AB|State Monopoly|Alberta|""|""|0010017645|Alberta Warehouse Total|Alberta Warehouse Total|""|""|""|""|""|""|""|""|""|""|""|""|103410|""|CASAMIGOS CRISTALINO 750|""|""|""|2026-02-28|OnOrder|105|""|""|""|""|""||CAD
CA-AB|State Monopoly|Alberta|""|""|0010017645|Alberta Warehouse Total|Alberta Warehouse Total|""|""|""|""|""|""|""|""|""|""|""|""|108015|""|BULLEIT BARREL STRENGTH BATCH NO. 8 750|""|""|""|2026-02-28|OnHand|242|""|""|""|""|""||CAD
CA-AB|State Monopoly|Alberta|""|""|0010017645|Alberta Warehouse Total|Alberta Warehouse Total|""|""|""|""|""|""|""|""|""|""|""|""|108178|""|BAILEYS BIRTHDAY CAKE 750|""|""|""|2026-02-28|OnHand|281|""|""|""|""|""||CAD
CA-AB|State Monopoly|Alberta|""|""|0010017645|Alberta Warehouse Total|Alberta Warehouse Total|""|""|""|""|""|""|""|""|""|""|""|""|108180|""|TROIKA VODKA 750|""|""|""|2026-02-28|OnHand|71|""|""|""|""|""||CAD
CA-AB|State Monopoly|Alberta|""|""|0010017645|Alberta Warehouse Total|Alberta Warehouse Total|""|""|""|""|""|""|""|""|""|""|""|""|108187|""|RON CARIOCA BLANCO RUM 750|""|""|""|2026-02-28|OnHand|29|""|""|""|""|""||CAD
CA-AB|State Monopoly|Alberta|""|""|0010017645|Alberta Warehouse Total|Alberta Warehouse Total|""|""|""|""|""|""|""|""|""|""|""|""|108301|""|CAPTAIN MORGAN EAST COAST WHITE RUM 750|""|""|""|2026-02-28|OnHand|33|""|""|""|""|""||CAD
CA-AB|State Monopoly|Alberta|""|""|0010017645|Alberta Warehouse Total|Alberta Warehouse Total|""|""|""|""|""|""|""|""|""|""|""|""|108610|""|SILENT SAM PET 1140|""|""|""|2026-02-28|OnHand|131|""|""|""|""|""||CAD
CA-AB|State Monopoly|Alberta|""|""|0010017645|Alberta Warehouse Total|Alberta Warehouse Total|""|""|""|""|""|""|""|""|""|""|""|""|108610|""|SILENT SAM PET 1140|""|""|""|2026-02-28|OnOrder|40|""|""|""|""|""||CAD
CA-AB|State Monopoly|Alberta|""|""|0010017645|Alberta Warehouse Total|Alberta Warehouse Total|""|""|""|""|""|""|""|""|""|""|""|""|109115|""|SMIRNOFF PEACH LEMONADE 750|""|""|""|2026-02-28|OnHand|16|""|""|""|""|""||CAD
CA-AB|State Monopoly|Alberta|""|""|0010017645|Alberta Warehouse Total|Alberta Warehouse Total|""|""|""|""|""|""|""|""|""|""|""|""|109117|""|SMIRNOFF PINK LEMONADE 750|""|""|""|2026-02-28|OnHand|70|""|""|""|""|""||CAD
CA-AB|State Monopoly|Alberta|""|""|0010017645|Alberta Warehouse Total|Alberta Warehouse Total|""|""|""|""|""|""|""|""|""|""|""|""|109842|""|TROIKA VODKA 1140|""|""|""|2026-02-28|OnHand|150|""|""|""|""|""||CAD
CA-AB|State Monopoly|Alberta|""|""|0010017645|Alberta Warehouse Total|Alberta Warehouse Total|""|""|""|""|""|""|""|""|""|""|""|""|111021|""|GORDON'S LONDON DRY 1750|""|""|""|2026-02-28|OnHand|257|""|""|""|""|""||CAD
CA-AB|State Monopoly|Alberta|""|""|0010017645|Alberta Warehouse Total|Alberta Warehouse Total|""|""|""|""|""|""|""|""|""|""|""|""|111936|""|MORTLACH NAD - 2024 SPECIAL RELEASE 750|""|""|""|2026-02-28|OnHand|44|""|""|""|""|""||CAD
CA-AB|State Monopoly|Alberta|""|""|0010017645|Alberta Warehouse Total|Alberta Warehouse Total|""|""|""|""|""|""|""|""|""|""|""|""|111943|""|TALISKER 8YO - 2024 SPECIAL RELEASE 750|""|""|""|2026-02-28|OnHand|1|""|""|""|""|""||CAD
CA-AB|State Monopoly|Alberta|""|""|0010017645|Alberta Warehouse Total|Alberta Warehouse Total|""|""|""|""|""|""|""|""|""|""|""|""|111945|""|BENRINNES 21YO - 2024 SPECIAL RELEASE 750|""|""|""|2026-02-28|OnHand|6|""|""|""|""|""||CAD
CA-AB|State Monopoly|Alberta|""|""|0010017645|Alberta Warehouse Total|Alberta Warehouse Total|""|""|""|""|""|""|""|""|""|""|""|""|111946|""|ROSEISLE 12YO - 2024 SPECIAL RELEASE 750|""|""|""|2026-02-28|OnHand|57|""|""|""|""|""||CAD
CA-AB|State Monopoly|Alberta|""|""|0010017645|Alberta Warehouse Total|Alberta Warehouse Total|""|""|""|""|""|""|""|""|""|""|""|""|111949|""|SINGLETON OF GLEN ORD 14YO - 2024 SR 750|""|""|""|2026-02-28|OnHand|1|""|""|""|""|""||CAD
CA-AB|State Monopoly|Alberta|""|""|0010017645|Alberta Warehouse Total|Alberta Warehouse Total|""|""|""|""|""|""|""|""|""|""|""|""|111950|""|LAGAVULIN 12YO - 2024 SPECIAL RELEASE 750|""|""|""|2026-02-28|OnHand|29|""|""|""|""|""||CAD
CA-AB|State Monopoly|Alberta|""|""|0010017645|Alberta Warehouse Total|Alberta Warehouse Total|""|""|""|""|""|""|""|""|""|""|""|""|111952|""|CROWN ROYAL RESERVE 12 YO 750|""|""|""|2026-02-28|OnHand|349|""|""|""|""|""||CAD
CA-AB|State Monopoly|Alberta|""|""|0010017645|Alberta Warehouse Total|Alberta Warehouse Total|""|""|""|""|""|""|""|""|""|""|""|""|112305|""|JOHNNIE WALKER BLUE LABEL ICE CHALET 750|""|""|""|2026-02-28|OnHand|9|""|""|""|""|""||CAD
CA-AB|State Monopoly|Alberta|""|""|0010017645|Alberta Warehouse Total|Alberta Warehouse Total|""|""|""|""|""|""|""|""|""|""|""|""|112307|""|JOHNNIE WALKER BLACK LABEL - SQUID GAMES 750|""|""|""|2026-02-28|OnHand|37|""|""|""|""|""||CAD
CA-AB|State Monopoly|Alberta|""|""|0010017645|Alberta Warehouse Total|Alberta Warehouse Total|""|""|""|""|""|""|""|""|""|""|""|""|112896|""|JOHNNIE WALKER RED LABEL 1750|""|""|""|2026-02-28|OnHand|1159|""|""|""|""|""||CAD
CA-AB|State Monopoly|Alberta|""|""|0010017645|Alberta Warehouse Total|Alberta Warehouse Total|""|""|""|""|""|""|""|""|""|""|""|""|112896|""|JOHNNIE WALKER RED LABEL 1750|""|""|""|2026-02-28|OnOrder|256|""|""|""|""|""||CAD
CA-AB|State Monopoly|Alberta|""|""|0010017645|Alberta Warehouse Total|Alberta Warehouse Total|""|""|""|""|""|""|""|""|""|""|""|""|114694|""|CROWN ROYAL 1750|""|""|""|2026-02-28|OnHand|5373|""|""|""|""|""||CAD
CA-AB|State Monopoly|Alberta|""|""|0010017645|Alberta Warehouse Total|Alberta Warehouse Total|""|""|""|""|""|""|""|""|""|""|""|""|115465|""|RON ZACAPA XO 750|""|""|""|2026-02-28|OnHand|12|""|""|""|""|""||CAD
CA-AB|State Monopoly|Alberta|""|""|0010017645|Alberta Warehouse Total|Alberta Warehouse Total|""|""|""|""|""|""|""|""|""|""|""|""|119201|""|KETEL ONE VODKA ESPRESSO MARTINI 375|""|""|""|2026-02-28|OnHand|567|""|""|""|""|""||CAD
CA-AB|State Monopoly|Alberta|""|""|0010017645|Alberta Warehouse Total|Alberta Warehouse Total|""|""|""|""|""|""|""|""|""|""|""|""|119202|""|BULLEIT OLD FASHIONED COCKTAIL 375|""|""|""|2026-02-28|OnHand|161|""|""|""|""|""||CAD
CA-AB|State Monopoly|Alberta|""|""|0010017645|Alberta Warehouse Total|Alberta Warehouse Total|""|""|""|""|""|""|""|""|""|""|""|""|119202|""|BULLEIT OLD FASHIONED COCKTAIL 375|""|""|""|2026-02-28|OnOrder|105|""|""|""|""|""||CAD
CA-AB|State Monopoly|Alberta|""|""|0010017645|Alberta Warehouse Total|Alberta Warehouse Total|""|""|""|""|""|""|""|""|""|""|""|""|119203|""|CROWN ROYAL BLACK CHERRY WHISKY SOUR 375|""|""|""|2026-02-28|OnHand|445|""|""|""|""|""||CAD
CA-AB|State Monopoly|Alberta|""|""|0010017645|Alberta Warehouse Total|Alberta Warehouse Total|""|""|""|""|""|""|""|""|""|""|""|""|119203|""|CROWN ROYAL BLACK CHERRY WHISKY SOUR 375|""|""|""|2026-02-28|OnOrder|260|""|""|""|""|""||CAD
CA-AB|State Monopoly|Alberta|""|""|0010017645|Alberta Warehouse Total|Alberta Warehouse Total|""|""|""|""|""|""|""|""|""|""|""|""|121645|""|CROWN ROYAL BLACKBERRY WHISKY LEMONADE 1420|""|""|""|2026-02-28|OnHand|978|""|""|""|""|""||CAD
CA-AB|State Monopoly|Alberta|""|""|0010017645|Alberta Warehouse Total|Alberta Warehouse Total|""|""|""|""|""|""|""|""|""|""|""|""|121646|""|CAPTAIN MORGAN GUAVA MOJITO 1420|""|""|""|2026-02-28|OnHand|1747|""|""|""|""|""||CAD
CA-AB|State Monopoly|Alberta|""|""|0010017645|Alberta Warehouse Total|Alberta Warehouse Total|""|""|""|""|""|""|""|""|""|""|""|""|121647|""|CROWN ROYAL BLACKBERRY WHISKY LEMONADE 473|""|""|""|2026-02-28|OnHand|491|""|""|""|""|""||CAD
CA-AB|State Monopoly|Alberta|""|""|0010017645|Alberta Warehouse Total|Alberta Warehouse Total|""|""|""|""|""|""|""|""|""|""|""|""|121649|""|SMIRNOFF RASPBERRY MULE VODKA COCKTAIL 1420|""|""|""|2026-02-28|OnHand|617|""|""|""|""|""||CAD
CA-AB|State Monopoly|Alberta|""|""|0010017645|Alberta Warehouse Total|Alberta Warehouse Total|""|""|""|""|""|""|""|""|""|""|""|""|121650|""|SMIRNOFF PASSION FRUIT VODKA COCKTAIL 1420|""|""|""|2026-02-28|OnHand|746|""|""|""|""|""||CAD
CA-AB|State Monopoly|Alberta|""|""|0010017645|Alberta Warehouse Total|Alberta Warehouse Total|""|""|""|""|""|""|""|""|""|""|""|""|121936|""|SMIRNOFF COCKTAIL COLLECTION 4260|""|""|""|2026-02-28|OnHand|1563|""|""|""|""|""||CAD
CA-AB|State Monopoly|Alberta|""|""|0010017645|Alberta Warehouse Total|Alberta Warehouse Total|""|""|""|""|""|""|""|""|""|""|""|""|121953|""|DON JULIO REPOSADO 1750|""|""|""|2026-02-28|OnHand|767|""|""|""|""|""||CAD
CA-AB|State Monopoly|Alberta|""|""|0010017645|Alberta Warehouse Total|Alberta Warehouse Total|""|""|""|""|""|""|""|""|""|""|""|""|122834|""|RON CARIOCA BLANCO PET 1140|""|""|""|2026-02-28|OnHand|11|""|""|""|""|""||CAD
CA-AB|State Monopoly|Alberta|""|""|0010017645|Alberta Warehouse Total|Alberta Warehouse Total|""|""|""|""|""|""|""|""|""|""|""|""|123114|""|BULLEIT SINGLE MALT FRONTIER WHISKY 750|""|""|""|2026-02-28|OnHand|65|""|""|""|""|""||CAD
CA-AB|State Monopoly|Alberta|""|""|0010017645|Alberta Warehouse Total|Alberta Warehouse Total|""|""|""|""|""|""|""|""|""|""|""|""|123388|""|21 SEEDS VALENCIA ORANGE BLANCO TEQUILA 750|""|""|""|2026-02-28|OnHand|258|""|""|""|""|""||CAD
CA-AB|State Monopoly|Alberta|""|""|0010017645|Alberta Warehouse Total|Alberta Warehouse Total|""|""|""|""|""|""|""|""|""|""|""|""|123389|""|21 SEEDS GRAPEFRUIT HIBISCUS BLANCO TEQ 750|""|""|""|2026-02-28|OnHand|283|""|""|""|""|""||CAD
CA-AB|State Monopoly|Alberta|""|""|0010017645|Alberta Warehouse Total|Alberta Warehouse Total|""|""|""|""|""|""|""|""|""|""|""|""|123390|""|21 SEEDS CUCUMBER JALAPENO BLANCO TEQ 750|""|""|""|2026-02-28|OnHand|295|""|""|""|""|""||CAD
CA-AB|State Monopoly|Alberta|""|""|0010017645|Alberta Warehouse Total|Alberta Warehouse Total|""|""|""|""|""|""|""|""|""|""|""|""|127309|""|SMIRNOFF ICE LIGHT VARIETY PACK 4260|""|""|""|2026-02-28|OnHand|4493|""|""|""|""|""||CAD
CA-AB|State Monopoly|Alberta|""|""|0010017645|Alberta Warehouse Total|Alberta Warehouse Total|""|""|""|""|""|""|""|""|""|""|""|""|127382|""|SMIRNOFF ICE PARTY PACK 4260|""|""|""|2026-02-28|OnHand|4412|""|""|""|""|""||CAD
CA-AB|State Monopoly|Alberta|""|""|0010017645|Alberta Warehouse Total|Alberta Warehouse Total|""|""|""|""|""|""|""|""|""|""|""|""|127382|""|SMIRNOFF ICE PARTY PACK 4260|""|""|""|2026-02-28|OnOrder|990|""|""|""|""|""||CAD
CA-AB|State Monopoly|Alberta|""|""|0010017645|Alberta Warehouse Total|Alberta Warehouse Total|""|""|""|""|""|""|""|""|""|""|""|""|130628|""|DON JULIO 1942 50|""|""|""|2026-02-28|OnHand|248|""|""|""|""|""||CAD
CA-AB|State Monopoly|Alberta|""|""|0010017645|Alberta Warehouse Total|Alberta Warehouse Total|""|""|""|""|""|""|""|""|""|""|""|""|130628|""|DON JULIO 1942 50|""|""|""|2026-02-28|OnOrder|140|""|""|""|""|""||CAD
CA-AB|State Monopoly|Alberta|""|""|0010017645|Alberta Warehouse Total|Alberta Warehouse Total|""|""|""|""|""|""|""|""|""|""|""|""|131327|""|JOHNNIE WALKER BLUE - FESTIVE EDITION 750|""|""|""|2026-02-28|OnHand|52|""|""|""|""|""||CAD
CA-AB|State Monopoly|Alberta|""|""|0010017645|Alberta Warehouse Total|Alberta Warehouse Total|""|""|""|""|""|""|""|""|""|""|""|""|131329|""|CLYNELISH 18YO (SR25) 750|""|""|""|2026-02-28|OnHand|62|""|""|""|""|""||CAD
CA-AB|State Monopoly|Alberta|""|""|0010017645|Alberta Warehouse Total|Alberta Warehouse Total|""|""|""|""|""|""|""|""|""|""|""|""|131335|""|DAILUAINE 21YO (SR25) 750|""|""|""|2026-02-28|OnHand|12|""|""|""|""|""||CAD
CA-AB|State Monopoly|Alberta|""|""|0010017645|Alberta Warehouse Total|Alberta Warehouse Total|""|""|""|""|""|""|""|""|""|""|""|""|131336|""|LAGAVULIN 12YO (SR25) 750|""|""|""|2026-02-28|OnHand|66|""|""|""|""|""||CAD
CA-AB|State Monopoly|Alberta|""|""|0010017645|Alberta Warehouse Total|Alberta Warehouse Total|""|""|""|""|""|""|""|""|""|""|""|""|131337|""|OBAN 12YO (SR25) 750|""|""|""|2026-02-28|OnHand|20|""|""|""|""|""||CAD
CA-AB|State Monopoly|Alberta|""|""|0010017645|Alberta Warehouse Total|Alberta Warehouse Total|""|""|""|""|""|""|""|""|""|""|""|""|131338|""|ROSEISLE 14YO (SR25) 750|""|""|""|2026-02-28|OnHand|74|""|""|""|""|""||CAD
CA-AB|State Monopoly|Alberta|""|""|0010017645|Alberta Warehouse Total|Alberta Warehouse Total|""|""|""|""|""|""|""|""|""|""|""|""|131339|""|SINGLETON OF GLEN ORD 17YO (SR25) 750|""|""|""|2026-02-28|OnHand|26|""|""|""|""|""||CAD
CA-AB|State Monopoly|Alberta|""|""|0010017645|Alberta Warehouse Total|Alberta Warehouse Total|""|""|""|""|""|""|""|""|""|""|""|""|131340|""|TALISKER 14YO (SR25) 750|""|""|""|2026-02-28|OnHand|46|""|""|""|""|""||CAD
CA-AB|State Monopoly|Alberta|""|""|0010017645|Alberta Warehouse Total|Alberta Warehouse Total|""|""|""|""|""|""|""|""|""|""|""|""|131341|""|TEANINICH 8YO (SR25) 750|""|""|""|2026-02-28|OnHand|54|""|""|""|""|""||CAD
CA-AB|State Monopoly|Alberta|""|""|0010017645|Alberta Warehouse Total|Alberta Warehouse Total|""|""|""|""|""|""|""|""|""|""|""|""|131343|""|BAILEYS CHOCOLATE 750|""|""|""|2026-02-28|OnOrder|550|""|""|""|""|""||CAD
CA-AB|State Monopoly|Alberta|""|""|0010017645|Alberta Warehouse Total|Alberta Warehouse Total|""|""|""|""|""|""|""|""|""|""|""|""|131344|""|CROWN ROYAL CHOCOLATE 750|""|""|""|2026-02-28|OnHand|234|""|""|""|""|""||CAD
CA-AB|State Monopoly|Alberta|""|""|0010017645|Alberta Warehouse Total|Alberta Warehouse Total|""|""|""|""|""|""|""|""|""|""|""|""|131831|""|JOHNNIE WALKER LNY - YEAR OF HORSE 750|""|""|""|2026-02-28|OnHand|72|""|""|""|""|""||CAD
CA-AB|State Monopoly|Alberta|""|""|0010017645|Alberta Warehouse Total|Alberta Warehouse Total|""|""|""|""|""|""|""|""|""|""|""|""|132391|""|SMIRNOFF PET W SMIRNOFF PEACH LEMONADEOP 1190|""|""|""|2026-02-28|OnHand|786|""|""|""|""|""||CAD
CA-AB|State Monopoly|Alberta|""|""|0010017645|Alberta Warehouse Total|Alberta Warehouse Total|""|""|""|""|""|""|""|""|""|""|""|""|132578|""|DON JULIO 3 X 50ML VARIETY PACK 150|""|""|""|2026-02-28|OnHand|585|""|""|""|""|""||CAD
CA-AB|State Monopoly|Alberta|""|""|0010017645|Alberta Warehouse Total|Alberta Warehouse Total|""|""|""|""|""|""|""|""|""|""|""|""|133439|""|CAPTAIN MORGAN WHITE 1750|""|""|""|2026-02-28|OnHand|1043|""|""|""|""|""||CAD
CA-AB|State Monopoly|Alberta|""|""|0010017645|Alberta Warehouse Total|Alberta Warehouse Total|""|""|""|""|""|""|""|""|""|""|""|""|134292|""|DON JULIO REPOSADO 50|""|""|""|2026-02-28|OnHand|1|""|""|""|""|""||CAD
CA-AB|State Monopoly|Alberta|""|""|0010017645|Alberta Warehouse Total|Alberta Warehouse Total|""|""|""|""|""|""|""|""|""|""|""|""|137730|""|GUINNESS EXTRA STOUT 500|""|""|""|2026-02-28|OnHand|837|""|""|""|""|""||CAD
CA-AB|State Monopoly|Alberta|""|""|0010017645|Alberta Warehouse Total|Alberta Warehouse Total|""|""|""|""|""|""|""|""|""|""|""|""|137730|""|GUINNESS EXTRA STOUT 500|""|""|""|2026-02-28|OnOrder|3200|""|""|""|""|""||CAD
CA-AB|State Monopoly|Alberta|""|""|0010017645|Alberta Warehouse Total|Alberta Warehouse Total|""|""|""|""|""|""|""|""|""|""|""|""|139803|""|SMIRNOFF CRUSH MANGO PEACH 473|""|""|""|2026-02-28|OnHand|284|""|""|""|""|""||CAD
CA-AB|State Monopoly|Alberta|""|""|0010017645|Alberta Warehouse Total|Alberta Warehouse Total|""|""|""|""|""|""|""|""|""|""|""|""|139803|""|SMIRNOFF CRUSH MANGO PEACH 473|""|""|""|2026-02-28|OnOrder|80|""|""|""|""|""||CAD
CA-AB|State Monopoly|Alberta|""|""|0010017645|Alberta Warehouse Total|Alberta Warehouse Total|""|""|""|""|""|""|""|""|""|""|""|""|139805|""|SMIRNOFF CRUSH LEMON LIME 2130|""|""|""|2026-02-28|OnHand|1269|""|""|""|""|""||CAD
CA-AB|State Monopoly|Alberta|""|""|0010017645|Alberta Warehouse Total|Alberta Warehouse Total|""|""|""|""|""|""|""|""|""|""|""|""|139806|""|SMIRNOFF CRUSH MANGO PEACH 2130|""|""|""|2026-02-28|OnHand|2342|""|""|""|""|""||CAD
CA-AB|State Monopoly|Alberta|""|""|0010017645|Alberta Warehouse Total|Alberta Warehouse Total|""|""|""|""|""|""|""|""|""|""|""|""|139807|""|CAPTAIN MORGAN SPICED RUM PUNCH CITRUS 473|""|""|""|2026-02-28|OnHand|504|""|""|""|""|""||CAD
CA-AB|State Monopoly|Alberta|""|""|0010017645|Alberta Warehouse Total|Alberta Warehouse Total|""|""|""|""|""|""|""|""|""|""|""|""|139809|""|CAPTAIN MORGAN SPICED RUM PUNCH TROPICAL 473|""|""|""|2026-02-28|OnHand|199|""|""|""|""|""||CAD
CA-AB|State Monopoly|Alberta|""|""|0010017645|Alberta Warehouse Total|Alberta Warehouse Total|""|""|""|""|""|""|""|""|""|""|""|""|139810|""|CAPTAIN MORGAN SPICED RUM PUNCH TROPICAL 2130|""|""|""|2026-02-28|OnHand|919|""|""|""|""|""||CAD
CA-AB|State Monopoly|Alberta|""|""|0010017645|Alberta Warehouse Total|Alberta Warehouse Total|""|""|""|""|""|""|""|""|""|""|""|""|139814|""|CAPTAIN MORGAN SPICED RUM PUNCH CITRUS 2130|""|""|""|2026-02-28|OnHand|1403|""|""|""|""|""||CAD
CA-AB|State Monopoly|Alberta|""|""|0010017645|Alberta Warehouse Total|Alberta Warehouse Total|""|""|""|""|""|""|""|""|""|""|""|""|139818|""|CROWN ROYAL WHISKY LEMONADE 473|""|""|""|2026-02-28|OnOrder|640|""|""|""|""|""||CAD
CA-AB|State Monopoly|Alberta|""|""|0010017645|Alberta Warehouse Total|Alberta Warehouse Total|""|""|""|""|""|""|""|""|""|""|""|""|139819|""|CROWN ROYAL WHISKY LEMONADE 1420|""|""|""|2026-02-28|OnHand|939|""|""|""|""|""||CAD
CA-AB|State Monopoly|Alberta|""|""|0010017645|Alberta Warehouse Total|Alberta Warehouse Total|""|""|""|""|""|""|""|""|""|""|""|""|139820|""|SMIRNOFF CRUSH LEMON LIME 473|""|""|""|2026-02-28|OnHand|367|""|""|""|""|""||CAD
CA-AB|State Monopoly|Alberta|""|""|0010017645|Alberta Warehouse Total|Alberta Warehouse Total|""|""|""|""|""|""|""|""|""|""|""|""|140224|""|CAPTAIN MORGAN RUM PUNCH VARIETY PACK 4260|""|""|""|2026-02-28|OnHand|1289|""|""|""|""|""||CAD
CA-AB|State Monopoly|Alberta|""|""|0010017645|Alberta Warehouse Total|Alberta Warehouse Total|""|""|""|""|""|""|""|""|""|""|""|""|140224|""|CAPTAIN MORGAN RUM PUNCH VARIETY PACK 4260|""|""|""|2026-02-28|OnOrder|1980|""|""|""|""|""||CAD
CA-AB|State Monopoly|Alberta|""|""|0010017645|Alberta Warehouse Total|Alberta Warehouse Total|""|""|""|""|""|""|""|""|""|""|""|""|140278|""|ASTRAL REPOSADO 750|""|""|""|2026-02-28|OnOrder|735|""|""|""|""|""||CAD
CA-AB|State Monopoly|Alberta|""|""|0010017645|Alberta Warehouse Total|Alberta Warehouse Total|""|""|""|""|""|""|""|""|""|""|""|""|140279|""|ASTRAL BLANCO 750|""|""|""|2026-02-28|OnOrder|1050|""|""|""|""|""||CAD
CA-AB|State Monopoly|Alberta|""|""|0010017645|Alberta Warehouse Total|Alberta Warehouse Total|""|""|""|""|""|""|""|""|""|""|""|""|140466|""|CROWN ROYAL WHISKY LEMONADE VARIETY PACK 2840|""|""|""|2026-02-28|OnHand|1699|""|""|""|""|""||CAD
CA-AB|State Monopoly|Alberta|""|""|0010017645|Alberta Warehouse Total|Alberta Warehouse Total|""|""|""|""|""|""|""|""|""|""|""|""|178012|""|HENKES TRIPLE SEC 750|""|""|""|2026-02-28|OnHand|159|""|""|""|""|""||CAD
CA-AB|State Monopoly|Alberta|""|""|0010017645|Alberta Warehouse Total|Alberta Warehouse Total|""|""|""|""|""|""|""|""|""|""|""|""|187047|""|JOHNNIE WALKER BLACK LABEL 12 YR 375|""|""|""|2026-02-28|OnHand|142|""|""|""|""|""||CAD
CA-AB|State Monopoly|Alberta|""|""|0010017645|Alberta Warehouse Total|Alberta Warehouse Total|""|""|""|""|""|""|""|""|""|""|""|""|193490|""|BAILEYS ORIGINAL IRISH CREAM 1750|""|""|""|2026-02-28|OnHand|3906|""|""|""|""|""||CAD
CA-AB|State Monopoly|Alberta|""|""|0010017645|Alberta Warehouse Total|Alberta Warehouse Total|""|""|""|""|""|""|""|""|""|""|""|""|193490|""|BAILEYS ORIGINAL IRISH CREAM 1750|""|""|""|2026-02-28|OnOrder|3312|""|""|""|""|""||CAD
CA-AB|State Monopoly|Alberta|""|""|0010017645|Alberta Warehouse Total|Alberta Warehouse Total|""|""|""|""|""|""|""|""|""|""|""|""|194506|""|SEAGRAM CROWN ROYAL 1000|""|""|""|2026-02-28|OnHand|202|""|""|""|""|""||CAD
CA-AB|State Monopoly|Alberta|""|""|0010017645|Alberta Warehouse Total|Alberta Warehouse Total|""|""|""|""|""|""|""|""|""|""|""|""|205575|""|SMIRNOFF BLUE LABEL 750|""|""|""|2026-02-28|OnHand|181|""|""|""|""|""||CAD
CA-AB|State Monopoly|Alberta|""|""|0010017645|Alberta Warehouse Total|Alberta Warehouse Total|""|""|""|""|""|""|""|""|""|""|""|""|205575|""|SMIRNOFF BLUE LABEL 750|""|""|""|2026-02-28|OnOrder|60|""|""|""|""|""||CAD
CA-AB|State Monopoly|Alberta|""|""|0010017645|Alberta Warehouse Total|Alberta Warehouse Total|""|""|""|""|""|""|""|""|""|""|""|""|207126|""|LAGAVULIN ISLAY MALT 16 YR 750|""|""|""|2026-02-28|OnHand|119|""|""|""|""|""||CAD
CA-AB|State Monopoly|Alberta|""|""|0010017645|Alberta Warehouse Total|Alberta Warehouse Total|""|""|""|""|""|""|""|""|""|""|""|""|207126|""|LAGAVULIN ISLAY MALT 16 YR 750|""|""|""|2026-02-28|OnOrder|230|""|""|""|""|""||CAD
CA-AB|State Monopoly|Alberta|""|""|0010017645|Alberta Warehouse Total|Alberta Warehouse Total|""|""|""|""|""|""|""|""|""|""|""|""|215996|""|GUINNESS STOUT - KEG 50000|""|""|""|2026-02-28|OnHand|3314|""|""|""|""|""||CAD
CA-AB|State Monopoly|Alberta|""|""|0010017645|Alberta Warehouse Total|Alberta Warehouse Total|""|""|""|""|""|""|""|""|""|""|""|""|215996|""|GUINNESS STOUT - KEG 50000|""|""|""|2026-02-28|OnOrder|5088|""|""|""|""|""||CAD
CA-AB|State Monopoly|Alberta|""|""|0010017645|Alberta Warehouse Total|Alberta Warehouse Total|""|""|""|""|""|""|""|""|""|""|""|""|238097|""|DALWHINNIE 15 YR 750|""|""|""|2026-02-28|OnHand|361|""|""|""|""|""||CAD
CA-AB|State Monopoly|Alberta|""|""|0010017645|Alberta Warehouse Total|Alberta Warehouse Total|""|""|""|""|""|""|""|""|""|""|""|""|238097|""|DALWHINNIE 15 YR 750|""|""|""|2026-02-28|OnOrder|192|""|""|""|""|""||CAD
CA-AB|State Monopoly|Alberta|""|""|0010017645|Alberta Warehouse Total|Alberta Warehouse Total|""|""|""|""|""|""|""|""|""|""|""|""|238113|""|GLENKINCHIE 12 YR 750|""|""|""|2026-02-28|OnHand|61|""|""|""|""|""||CAD
CA-AB|State Monopoly|Alberta|""|""|0010017645|Alberta Warehouse Total|Alberta Warehouse Total|""|""|""|""|""|""|""|""|""|""|""|""|238113|""|GLENKINCHIE 12 YR 750|""|""|""|2026-02-28|OnOrder|100|""|""|""|""|""||CAD
CA-AB|State Monopoly|Alberta|""|""|0010017645|Alberta Warehouse Total|Alberta Warehouse Total|""|""|""|""|""|""|""|""|""|""|""|""|243824|""|OBAN 14 YR 750|""|""|""|2026-02-28|OnHand|418|""|""|""|""|""||CAD
CA-AB|State Monopoly|Alberta|""|""|0010017645|Alberta Warehouse Total|Alberta Warehouse Total|""|""|""|""|""|""|""|""|""|""|""|""|243824|""|OBAN 14 YR 750|""|""|""|2026-02-28|OnOrder|115|""|""|""|""|""||CAD
CA-AB|State Monopoly|Alberta|""|""|0010017645|Alberta Warehouse Total|Alberta Warehouse Total|""|""|""|""|""|""|""|""|""|""|""|""|246256|""|HARP - KEG 50000|""|""|""|2026-02-28|OnHand|173|""|""|""|""|""||CAD
CA-AB|State Monopoly|Alberta|""|""|0010017645|Alberta Warehouse Total|Alberta Warehouse Total|""|""|""|""|""|""|""|""|""|""|""|""|246256|""|HARP - KEG 50000|""|""|""|2026-02-28|OnOrder|80|""|""|""|""|""||CAD
CA-AB|State Monopoly|Alberta|""|""|0010017645|Alberta Warehouse Total|Alberta Warehouse Total|""|""|""|""|""|""|""|""|""|""|""|""|249680|""|TALISKER 10 YR 750|""|""|""|2026-02-28|OnHand|278|""|""|""|""|""||CAD
CA-AB|State Monopoly|Alberta|""|""|0010017645|Alberta Warehouse Total|Alberta Warehouse Total|""|""|""|""|""|""|""|""|""|""|""|""|265736|""|DALWHINNIE 1000|""|""|""|2026-02-28|OnHand|40|""|""|""|""|""||CAD
CA-AB|State Monopoly|Alberta|""|""|0010017645|Alberta Warehouse Total|Alberta Warehouse Total|""|""|""|""|""|""|""|""|""|""|""|""|265769|""|UDC TALISKER 1000|""|""|""|2026-02-28|OnHand|110|""|""|""|""|""||CAD
CA-AB|State Monopoly|Alberta|""|""|0010017645|Alberta Warehouse Total|Alberta Warehouse Total|""|""|""|""|""|""|""|""|""|""|""|""|271965|""|SMIRNOFF 200|""|""|""|2026-02-28|OnHand|1700|""|""|""|""|""||CAD
CA-AB|State Monopoly|Alberta|""|""|0010017645|Alberta Warehouse Total|Alberta Warehouse Total|""|""|""|""|""|""|""|""|""|""|""|""|282277|""|PIMMS NO. 1 CUP 750|""|""|""|2026-02-28|OnHand|156|""|""|""|""|""||CAD
CA-AB|State Monopoly|Alberta|""|""|0010017645|Alberta Warehouse Total|Alberta Warehouse Total|""|""|""|""|""|""|""|""|""|""|""|""|282277|""|PIMMS NO. 1 CUP 750|""|""|""|2026-02-28|OnOrder|112|""|""|""|""|""||CAD
CA-AB|State Monopoly|Alberta|""|""|0010017645|Alberta Warehouse Total|Alberta Warehouse Total|""|""|""|""|""|""|""|""|""|""|""|""|296244|""|GUINNESS DRAUGHT (CANS) 4-PACK 1760|""|""|""|2026-02-28|OnHand|1721|""|""|""|""|""||CAD
CA-AB|State Monopoly|Alberta|""|""|0010017645|Alberta Warehouse Total|Alberta Warehouse Total|""|""|""|""|""|""|""|""|""|""|""|""|296244|""|GUINNESS DRAUGHT (CANS) 4-PACK 1760|""|""|""|2026-02-28|OnOrder|9200|""|""|""|""|""||CAD
CA-AB|State Monopoly|Alberta|""|""|0010017645|Alberta Warehouse Total|Alberta Warehouse Total|""|""|""|""|""|""|""|""|""|""|""|""|393678|""|BAILEYS ORIGINAL IRISH CREAM 200|""|""|""|2026-02-28|OnHand|445|""|""|""|""|""||CAD
CA-AB|State Monopoly|Alberta|""|""|0010017645|Alberta Warehouse Total|Alberta Warehouse Total|""|""|""|""|""|""|""|""|""|""|""|""|393678|""|BAILEYS ORIGINAL IRISH CREAM 200|""|""|""|2026-02-28|OnOrder|288|""|""|""|""|""||CAD
CA-AB|State Monopoly|Alberta|""|""|0010017645|Alberta Warehouse Total|Alberta Warehouse Total|""|""|""|""|""|""|""|""|""|""|""|""|423327|""|KILKENNY CREAM ALE - KEG 50000|""|""|""|2026-02-28|OnHand|198|""|""|""|""|""||CAD
CA-AB|State Monopoly|Alberta|""|""|0010017645|Alberta Warehouse Total|Alberta Warehouse Total|""|""|""|""|""|""|""|""|""|""|""|""|423327|""|KILKENNY CREAM ALE - KEG 50000|""|""|""|2026-02-28|OnOrder|64|""|""|""|""|""||CAD
CA-AB|State Monopoly|Alberta|""|""|0010017645|Alberta Warehouse Total|Alberta Warehouse Total|""|""|""|""|""|""|""|""|""|""|""|""|456095|""|KETEL ONE VODKA 750|""|""|""|2026-02-28|OnHand|1181|""|""|""|""|""||CAD
CA-AB|State Monopoly|Alberta|""|""|0010017645|Alberta Warehouse Total|Alberta Warehouse Total|""|""|""|""|""|""|""|""|""|""|""|""|456095|""|KETEL ONE VODKA 750|""|""|""|2026-02-28|OnOrder|420|""|""|""|""|""||CAD
CA-AB|State Monopoly|Alberta|""|""|0010017645|Alberta Warehouse Total|Alberta Warehouse Total|""|""|""|""|""|""|""|""|""|""|""|""|500504|""|CAPTAIN MORGAN SPICED 375|""|""|""|2026-02-28|OnHand|2126|""|""|""|""|""||CAD
CA-AB|State Monopoly|Alberta|""|""|0010017645|Alberta Warehouse Total|Alberta Warehouse Total|""|""|""|""|""|""|""|""|""|""|""|""|500504|""|CAPTAIN MORGAN SPICED 375|""|""|""|2026-02-28|OnOrder|312|""|""|""|""|""||CAD
CA-AB|State Monopoly|Alberta|""|""|0010017645|Alberta Warehouse Total|Alberta Warehouse Total|""|""|""|""|""|""|""|""|""|""|""|""|500512|""|CAPTAIN MORGAN SPICED 750|""|""|""|2026-02-28|OnHand|3041|""|""|""|""|""||CAD
CA-AB|State Monopoly|Alberta|""|""|0010017645|Alberta Warehouse Total|Alberta Warehouse Total|""|""|""|""|""|""|""|""|""|""|""|""|500512|""|CAPTAIN MORGAN SPICED 750|""|""|""|2026-02-28|OnOrder|560|""|""|""|""|""||CAD
CA-AB|State Monopoly|Alberta|""|""|0010017645|Alberta Warehouse Total|Alberta Warehouse Total|""|""|""|""|""|""|""|""|""|""|""|""|500546|""|CAPTAIN MORGAN SPICED 1750|""|""|""|2026-02-28|OnHand|4843|""|""|""|""|""||CAD
CA-AB|State Monopoly|Alberta|""|""|0010017645|Alberta Warehouse Total|Alberta Warehouse Total|""|""|""|""|""|""|""|""|""|""|""|""|500546|""|CAPTAIN MORGAN SPICED 1750|""|""|""|2026-02-28|OnOrder|6528|""|""|""|""|""||CAD
CA-AB|State Monopoly|Alberta|""|""|0010017645|Alberta Warehouse Total|Alberta Warehouse Total|""|""|""|""|""|""|""|""|""|""|""|""|529826|""|CROWN ROYAL 3000|""|""|""|2026-02-28|OnHand|125|""|""|""|""|""||CAD
CA-AB|State Monopoly|Alberta|""|""|0010017645|Alberta Warehouse Total|Alberta Warehouse Total|""|""|""|""|""|""|""|""|""|""|""|""|554469|""|GUINNESS DRAUGHT (CANS) 8-PACK 3520|""|""|""|2026-02-28|OnHand|19264|""|""|""|""|""||CAD
CA-AB|State Monopoly|Alberta|""|""|0010017645|Alberta Warehouse Total|Alberta Warehouse Total|""|""|""|""|""|""|""|""|""|""|""|""|554469|""|GUINNESS DRAUGHT (CANS) 8-PACK 3520|""|""|""|2026-02-28|OnOrder|9600|""|""|""|""|""||CAD
CA-AB|State Monopoly|Alberta|""|""|0010017645|Alberta Warehouse Total|Alberta Warehouse Total|""|""|""|""|""|""|""|""|""|""|""|""|600163|""|TANQUERAY NO. TEN 750|""|""|""|2026-02-28|OnHand|107|""|""|""|""|""||CAD
CA-AB|State Monopoly|Alberta|""|""|0010017645|Alberta Warehouse Total|Alberta Warehouse Total|""|""|""|""|""|""|""|""|""|""|""|""|600163|""|TANQUERAY NO. TEN 750|""|""|""|2026-02-28|OnOrder|55|""|""|""|""|""||CAD
CA-AB|State Monopoly|Alberta|""|""|0010017645|Alberta Warehouse Total|Alberta Warehouse Total|""|""|""|""|""|""|""|""|""|""|""|""|618488|""|TANQUERAY NO. TEN 1000|""|""|""|2026-02-28|OnHand|41|""|""|""|""|""||CAD
CA-AB|State Monopoly|Alberta|""|""|0010017645|Alberta Warehouse Total|Alberta Warehouse Total|""|""|""|""|""|""|""|""|""|""|""|""|625756|""|SHERIDANS ORIGINAL DOUBLE (15.5%) 750|""|""|""|2026-02-28|OnHand|177|""|""|""|""|""||CAD
CA-AB|State Monopoly|Alberta|""|""|0010017645|Alberta Warehouse Total|Alberta Warehouse Total|""|""|""|""|""|""|""|""|""|""|""|""|705039|""|SMIRNOFF RED ON PACK 50|""|""|""|2026-02-28|OnOrder|180|""|""|""|""|""||CAD
CA-AB|State Monopoly|Alberta|""|""|0010017645|Alberta Warehouse Total|Alberta Warehouse Total|""|""|""|""|""|""|""|""|""|""|""|""|708016|""|BAILEYS IRISH CREAM ON-PACK 50|""|""|""|2026-02-28|OnHand|444|""|""|""|""|""||CAD
CA-AB|State Monopoly|Alberta|""|""|0010017645|Alberta Warehouse Total|Alberta Warehouse Total|""|""|""|""|""|""|""|""|""|""|""|""|708016|""|BAILEYS IRISH CREAM ON-PACK 50|""|""|""|2026-02-28|OnOrder|100|""|""|""|""|""||CAD
CA-AB|State Monopoly|Alberta|""|""|0010017645|Alberta Warehouse Total|Alberta Warehouse Total|""|""|""|""|""|""|""|""|""|""|""|""|710110|""|GUINNESS DRAUGHT (BOTTLES) 6-PACK 1980|""|""|""|2026-02-28|OnHand|1295|""|""|""|""|""||CAD
CA-AB|State Monopoly|Alberta|""|""|0010017645|Alberta Warehouse Total|Alberta Warehouse Total|""|""|""|""|""|""|""|""|""|""|""|""|710110|""|GUINNESS DRAUGHT (BOTTLES) 6-PACK 1980|""|""|""|2026-02-28|OnOrder|2160|""|""|""|""|""||CAD
CA-AB|State Monopoly|Alberta|""|""|0010017645|Alberta Warehouse Total|Alberta Warehouse Total|""|""|""|""|""|""|""|""|""|""|""|""|713364|""|CAPTAIN MORGAN PRIVATE STOCK 750|""|""|""|2026-02-28|OnHand|497|""|""|""|""|""||CAD
CA-AB|State Monopoly|Alberta|""|""|0010017645|Alberta Warehouse Total|Alberta Warehouse Total|""|""|""|""|""|""|""|""|""|""|""|""|716222|""|SHERIDANS COFFEE LAYERED CREAM LIQUOR 1000|""|""|""|2026-02-28|OnHand|256|""|""|""|""|""||CAD
CA-AB|State Monopoly|Alberta|""|""|0010017645|Alberta Warehouse Total|Alberta Warehouse Total|""|""|""|""|""|""|""|""|""|""|""|""|717241|""|CAOL ILA 12 YEARS OLD 750|""|""|""|2026-02-28|OnHand|27|""|""|""|""|""||CAD
CA-AB|State Monopoly|Alberta|""|""|0010017645|Alberta Warehouse Total|Alberta Warehouse Total|""|""|""|""|""|""|""|""|""|""|""|""|717881|""|SMIRNOFF RED VODKA 1000|""|""|""|2026-02-28|OnHand|116|""|""|""|""|""||CAD
CA-AB|State Monopoly|Alberta|""|""|0010017645|Alberta Warehouse Total|Alberta Warehouse Total|""|""|""|""|""|""|""|""|""|""|""|""|717914|""|CLYNELISH 14 YEAR OLD SINGLE MALT SCOTC 750|""|""|""|2026-02-28|OnHand|33|""|""|""|""|""||CAD
CA-AB|State Monopoly|Alberta|""|""|0010017645|Alberta Warehouse Total|Alberta Warehouse Total|""|""|""|""|""|""|""|""|""|""|""|""|719817|""|CAPTAIN MORGAN SPICED 200|""|""|""|2026-02-28|OnHand|820|""|""|""|""|""||CAD
CA-AB|State Monopoly|Alberta|""|""|0010017645|Alberta Warehouse Total|Alberta Warehouse Total|""|""|""|""|""|""|""|""|""|""|""|""|722937|""|O'DARBY IRISH CREAM 1140|""|""|""|2026-02-28|OnHand|51|""|""|""|""|""||CAD
CA-AB|State Monopoly|Alberta|""|""|0010017645|Alberta Warehouse Total|Alberta Warehouse Total|""|""|""|""|""|""|""|""|""|""|""|""|722937|""|O'DARBY IRISH CREAM 1140|""|""|""|2026-02-28|OnOrder|65|""|""|""|""|""||CAD
CA-AB|State Monopoly|Alberta|""|""|0010017645|Alberta Warehouse Total|Alberta Warehouse Total|""|""|""|""|""|""|""|""|""|""|""|""|722938|""|BAILEYS ORIGINAL IRISH CREAM 1140|""|""|""|2026-02-28|OnHand|6547|""|""|""|""|""||CAD
CA-AB|State Monopoly|Alberta|""|""|0010017645|Alberta Warehouse Total|Alberta Warehouse Total|""|""|""|""|""|""|""|""|""|""|""|""|722938|""|BAILEYS ORIGINAL IRISH CREAM 1140|""|""|""|2026-02-28|OnOrder|1600|""|""|""|""|""||CAD
CA-AB|State Monopoly|Alberta|""|""|0010017645|Alberta Warehouse Total|Alberta Warehouse Total|""|""|""|""|""|""|""|""|""|""|""|""|730907|""|DON JULIO ANEJO 750|""|""|""|2026-02-28|OnHand|454|""|""|""|""|""||CAD
CA-AB|State Monopoly|Alberta|""|""|0010017645|Alberta Warehouse Total|Alberta Warehouse Total|""|""|""|""|""|""|""|""|""|""|""|""|730907|""|DON JULIO ANEJO 750|""|""|""|2026-02-28|OnOrder|192|""|""|""|""|""||CAD
CA-AB|State Monopoly|Alberta|""|""|0010017645|Alberta Warehouse Total|Alberta Warehouse Total|""|""|""|""|""|""|""|""|""|""|""|""|730908|""|DON JULIO BLANCO 375|""|""|""|2026-02-28|OnHand|203|""|""|""|""|""||CAD
CA-AB|State Monopoly|Alberta|""|""|0010017645|Alberta Warehouse Total|Alberta Warehouse Total|""|""|""|""|""|""|""|""|""|""|""|""|730909|""|DON JULIO BLANCO 750|""|""|""|2026-02-28|OnHand|960|""|""|""|""|""||CAD
CA-AB|State Monopoly|Alberta|""|""|0010017645|Alberta Warehouse Total|Alberta Warehouse Total|""|""|""|""|""|""|""|""|""|""|""|""|730909|""|DON JULIO BLANCO 750|""|""|""|2026-02-28|OnOrder|1638|""|""|""|""|""||CAD
CA-AB|State Monopoly|Alberta|""|""|0010017645|Alberta Warehouse Total|Alberta Warehouse Total|""|""|""|""|""|""|""|""|""|""|""|""|730910|""|DON JULIO REPOSADO 750|""|""|""|2026-02-28|OnHand|468|""|""|""|""|""||CAD
CA-AB|State Monopoly|Alberta|""|""|0010017645|Alberta Warehouse Total|Alberta Warehouse Total|""|""|""|""|""|""|""|""|""|""|""|""|730910|""|DON JULIO REPOSADO 750|""|""|""|2026-02-28|OnOrder|1001|""|""|""|""|""||CAD
CA-AB|State Monopoly|Alberta|""|""|0010017645|Alberta Warehouse Total|Alberta Warehouse Total|""|""|""|""|""|""|""|""|""|""|""|""|732058|""|DON JULIO 1942 750|""|""|""|2026-02-28|OnHand|653|""|""|""|""|""||CAD
CA-AB|State Monopoly|Alberta|""|""|0010017645|Alberta Warehouse Total|Alberta Warehouse Total|""|""|""|""|""|""|""|""|""|""|""|""|732447|""|DON JULIO REPOSADO 375|""|""|""|2026-02-28|OnHand|198|""|""|""|""|""||CAD
CA-AB|State Monopoly|Alberta|""|""|0010017645|Alberta Warehouse Total|Alberta Warehouse Total|""|""|""|""|""|""|""|""|""|""|""|""|734590|""|BULLEIT BOURBON FRONTIER WHISKEY 750|""|""|""|2026-02-28|OnHand|530|""|""|""|""|""||CAD
CA-AB|State Monopoly|Alberta|""|""|0010017645|Alberta Warehouse Total|Alberta Warehouse Total|""|""|""|""|""|""|""|""|""|""|""|""|734590|""|BULLEIT BOURBON FRONTIER WHISKEY 750|""|""|""|2026-02-28|OnOrder|200|""|""|""|""|""||CAD
CA-AB|State Monopoly|Alberta|""|""|0010017645|Alberta Warehouse Total|Alberta Warehouse Total|""|""|""|""|""|""|""|""|""|""|""|""|736206|""|CAPTAIN MORGAN 100 SPICED RUM 750|""|""|""|2026-02-28|OnHand|132|""|""|""|""|""||CAD
CA-AB|State Monopoly|Alberta|""|""|0010017645|Alberta Warehouse Total|Alberta Warehouse Total|""|""|""|""|""|""|""|""|""|""|""|""|738103|""|ZACAPA 23 750|""|""|""|2026-02-28|OnHand|50|""|""|""|""|""||CAD
CA-AB|State Monopoly|Alberta|""|""|0010017645|Alberta Warehouse Total|Alberta Warehouse Total|""|""|""|""|""|""|""|""|""|""|""|""|738103|""|ZACAPA 23 750|""|""|""|2026-02-28|OnOrder|330|""|""|""|""|""||CAD
CA-AB|State Monopoly|Alberta|""|""|0010017645|Alberta Warehouse Total|Alberta Warehouse Total|""|""|""|""|""|""|""|""|""|""|""|""|739442|""|SMIRNOFF PET 1140|""|""|""|2026-02-28|OnHand|969|""|""|""|""|""||CAD
CA-AB|State Monopoly|Alberta|""|""|0010017645|Alberta Warehouse Total|Alberta Warehouse Total|""|""|""|""|""|""|""|""|""|""|""|""|739442|""|SMIRNOFF PET 1140|""|""|""|2026-02-28|OnOrder|800|""|""|""|""|""||CAD
CA-AB|State Monopoly|Alberta|""|""|0010017645|Alberta Warehouse Total|Alberta Warehouse Total|""|""|""|""|""|""|""|""|""|""|""|""|741723|""|CROWN ROYAL BLACK 750|""|""|""|2026-02-28|OnHand|124|""|""|""|""|""||CAD
CA-AB|State Monopoly|Alberta|""|""|0010017645|Alberta Warehouse Total|Alberta Warehouse Total|""|""|""|""|""|""|""|""|""|""|""|""|743421|""|TANQUERAY LONDON DRY GIN 1140|""|""|""|2026-02-28|OnHand|982|""|""|""|""|""||CAD
CA-AB|State Monopoly|Alberta|""|""|0010017645|Alberta Warehouse Total|Alberta Warehouse Total|""|""|""|""|""|""|""|""|""|""|""|""|743421|""|TANQUERAY LONDON DRY GIN 1140|""|""|""|2026-02-28|OnOrder|640|""|""|""|""|""||CAD
CA-AB|State Monopoly|Alberta|""|""|0010017645|Alberta Warehouse Total|Alberta Warehouse Total|""|""|""|""|""|""|""|""|""|""|""|""|743714|""|JOHNNIE WALKER RED LABEL 1140|""|""|""|2026-02-28|OnHand|1213|""|""|""|""|""||CAD
CA-AB|State Monopoly|Alberta|""|""|0010017645|Alberta Warehouse Total|Alberta Warehouse Total|""|""|""|""|""|""|""|""|""|""|""|""|743715|""|JOHNNIE WALKER BLACK LABEL 1140|""|""|""|2026-02-28|OnHand|400|""|""|""|""|""||CAD
CA-AB|State Monopoly|Alberta|""|""|0010017645|Alberta Warehouse Total|Alberta Warehouse Total|""|""|""|""|""|""|""|""|""|""|""|""|743715|""|JOHNNIE WALKER BLACK LABEL 1140|""|""|""|2026-02-28|OnOrder|200|""|""|""|""|""||CAD
CA-AB|State Monopoly|Alberta|""|""|0010017645|Alberta Warehouse Total|Alberta Warehouse Total|""|""|""|""|""|""|""|""|""|""|""|""|743716|""|J & B RARE 1140|""|""|""|2026-02-28|OnHand|573|""|""|""|""|""||CAD
CA-AB|State Monopoly|Alberta|""|""|0010017645|Alberta Warehouse Total|Alberta Warehouse Total|""|""|""|""|""|""|""|""|""|""|""|""|743716|""|J & B RARE 1140|""|""|""|2026-02-28|OnOrder|72|""|""|""|""|""||CAD
CA-AB|State Monopoly|Alberta|""|""|0010017645|Alberta Warehouse Total|Alberta Warehouse Total|""|""|""|""|""|""|""|""|""|""|""|""|744424|""|JOHNNIE WALKER RED LABEL 200|""|""|""|2026-02-28|OnHand|149|""|""|""|""|""||CAD
CA-AB|State Monopoly|Alberta|""|""|0010017645|Alberta Warehouse Total|Alberta Warehouse Total|""|""|""|""|""|""|""|""|""|""|""|""|745024|""|CAPTAIN MORGAN DARK RUM 1140|""|""|""|2026-02-28|OnHand|172|""|""|""|""|""||CAD
CA-AB|State Monopoly|Alberta|""|""|0010017645|Alberta Warehouse Total|Alberta Warehouse Total|""|""|""|""|""|""|""|""|""|""|""|""|745025|""|CAPTAIN MORGAN GOLD 1140|""|""|""|2026-02-28|OnHand|99|""|""|""|""|""||CAD
CA-AB|State Monopoly|Alberta|""|""|0010017645|Alberta Warehouse Total|Alberta Warehouse Total|""|""|""|""|""|""|""|""|""|""|""|""|745026|""|CAPTAIN MORGAN SPICED 1140|""|""|""|2026-02-28|OnHand|4899|""|""|""|""|""||CAD
CA-AB|State Monopoly|Alberta|""|""|0010017645|Alberta Warehouse Total|Alberta Warehouse Total|""|""|""|""|""|""|""|""|""|""|""|""|745027|""|CAPTAIN MORGAN WHITE 1140|""|""|""|2026-02-28|OnHand|954|""|""|""|""|""||CAD
CA-AB|State Monopoly|Alberta|""|""|0010017645|Alberta Warehouse Total|Alberta Warehouse Total|""|""|""|""|""|""|""|""|""|""|""|""|745027|""|CAPTAIN MORGAN WHITE 1140|""|""|""|2026-02-28|OnOrder|60|""|""|""|""|""||CAD
CA-AB|State Monopoly|Alberta|""|""|0010017645|Alberta Warehouse Total|Alberta Warehouse Total|""|""|""|""|""|""|""|""|""|""|""|""|745028|""|CROWN ROYAL 1140|""|""|""|2026-02-28|OnHand|1588|""|""|""|""|""||CAD
CA-AB|State Monopoly|Alberta|""|""|0010017645|Alberta Warehouse Total|Alberta Warehouse Total|""|""|""|""|""|""|""|""|""|""|""|""|745029|""|GORDON'S LONDON DRY 1140|""|""|""|2026-02-28|OnHand|627|""|""|""|""|""||CAD
CA-AB|State Monopoly|Alberta|""|""|0010017645|Alberta Warehouse Total|Alberta Warehouse Total|""|""|""|""|""|""|""|""|""|""|""|""|745034|""|SMIRNOFF VODKA 1140|""|""|""|2026-02-28|OnHand|5309|""|""|""|""|""||CAD
CA-AB|State Monopoly|Alberta|""|""|0010017645|Alberta Warehouse Total|Alberta Warehouse Total|""|""|""|""|""|""|""|""|""|""|""|""|745034|""|SMIRNOFF VODKA 1140|""|""|""|2026-02-28|OnOrder|180|""|""|""|""|""||CAD
CA-AB|State Monopoly|Alberta|""|""|0010017645|Alberta Warehouse Total|Alberta Warehouse Total|""|""|""|""|""|""|""|""|""|""|""|""|745449|""|HARP LAGER (4X500ML) 2000|""|""|""|2026-02-28|OnHand|1598|""|""|""|""|""||CAD
CA-AB|State Monopoly|Alberta|""|""|0010017645|Alberta Warehouse Total|Alberta Warehouse Total|""|""|""|""|""|""|""|""|""|""|""|""|745449|""|HARP LAGER (4X500ML) 2000|""|""|""|2026-02-28|OnOrder|3200|""|""|""|""|""||CAD
CA-AB|State Monopoly|Alberta|""|""|0010017645|Alberta Warehouse Total|Alberta Warehouse Total|""|""|""|""|""|""|""|""|""|""|""|""|745654|""|JOHNNIE WALKER BLUE LABEL 750|""|""|""|2026-02-28|OnHand|149|""|""|""|""|""||CAD
CA-AB|State Monopoly|Alberta|""|""|0010017645|Alberta Warehouse Total|Alberta Warehouse Total|""|""|""|""|""|""|""|""|""|""|""|""|745654|""|JOHNNIE WALKER BLUE LABEL 750|""|""|""|2026-02-28|OnOrder|384|""|""|""|""|""||CAD
CA-AB|State Monopoly|Alberta|""|""|0010017645|Alberta Warehouse Total|Alberta Warehouse Total|""|""|""|""|""|""|""|""|""|""|""|""|746673|""|CROWN ROYAL GIFT BOX 1140|""|""|""|2026-02-28|OnHand|218|""|""|""|""|""||CAD
CA-AB|State Monopoly|Alberta|""|""|0010017645|Alberta Warehouse Total|Alberta Warehouse Total|""|""|""|""|""|""|""|""|""|""|""|""|747139|""|GUINNESS DRAUGHT 500ML CAN 500|""|""|""|2026-02-28|OnHand|1611|""|""|""|""|""||CAD
CA-AB|State Monopoly|Alberta|""|""|0010017645|Alberta Warehouse Total|Alberta Warehouse Total|""|""|""|""|""|""|""|""|""|""|""|""|747139|""|GUINNESS DRAUGHT 500ML CAN 500|""|""|""|2026-02-28|OnOrder|1120|""|""|""|""|""||CAD
CA-AB|State Monopoly|Alberta|""|""|0010017645|Alberta Warehouse Total|Alberta Warehouse Total|""|""|""|""|""|""|""|""|""|""|""|""|747516|""|KETEL ONE VODKA 1750|""|""|""|2026-02-28|OnHand|260|""|""|""|""|""||CAD
CA-AB|State Monopoly|Alberta|""|""|0010017645|Alberta Warehouse Total|Alberta Warehouse Total|""|""|""|""|""|""|""|""|""|""|""|""|747516|""|KETEL ONE VODKA 1750|""|""|""|2026-02-28|OnOrder|120|""|""|""|""|""||CAD
CA-AB|State Monopoly|Alberta|""|""|0010017645|Alberta Warehouse Total|Alberta Warehouse Total|""|""|""|""|""|""|""|""|""|""|""|""|748845|""|JOHNNIE WALKER BLUE 1L 1000|""|""|""|2026-02-28|OnHand|519|""|""|""|""|""||CAD
CA-AB|State Monopoly|Alberta|""|""|0010017645|Alberta Warehouse Total|Alberta Warehouse Total|""|""|""|""|""|""|""|""|""|""|""|""|749026|""|JOHNNIE WALKER DOUBLE BLACK1L 1000|""|""|""|2026-02-28|OnHand|1131|""|""|""|""|""||CAD
CA-AB|State Monopoly|Alberta|""|""|0010017645|Alberta Warehouse Total|Alberta Warehouse Total|""|""|""|""|""|""|""|""|""|""|""|""|749049|""|JOHNNIE WALKER GOLD LABEL RESERVE 750|""|""|""|2026-02-28|OnHand|544|""|""|""|""|""||CAD
CA-AB|State Monopoly|Alberta|""|""|0010017645|Alberta Warehouse Total|Alberta Warehouse Total|""|""|""|""|""|""|""|""|""|""|""|""|749049|""|JOHNNIE WALKER GOLD LABEL RESERVE 750|""|""|""|2026-02-28|OnOrder|720|""|""|""|""|""||CAD
CA-AB|State Monopoly|Alberta|""|""|0010017645|Alberta Warehouse Total|Alberta Warehouse Total|""|""|""|""|""|""|""|""|""|""|""|""|749050|""|JOHNNIE WALKER PLATINUM LABEL 18 YEAR OL 750|""|""|""|2026-02-28|OnHand|3|""|""|""|""|""||CAD
CA-AB|State Monopoly|Alberta|""|""|0010017645|Alberta Warehouse Total|Alberta Warehouse Total|""|""|""|""|""|""|""|""|""|""|""|""|749050|""|JOHNNIE WALKER PLATINUM LABEL 18 YEAR OL 750|""|""|""|2026-02-28|OnOrder|146|""|""|""|""|""||CAD
CA-AB|State Monopoly|Alberta|""|""|0010017645|Alberta Warehouse Total|Alberta Warehouse Total|""|""|""|""|""|""|""|""|""|""|""|""|749766|""|CAPTAIN MORGAN WHITE SPICED 750|""|""|""|2026-02-28|OnHand|167|""|""|""|""|""||CAD
CA-AB|State Monopoly|Alberta|""|""|0010017645|Alberta Warehouse Total|Alberta Warehouse Total|""|""|""|""|""|""|""|""|""|""|""|""|750384|""|RON ZACAPA CENTENARIO 23 YEAR 1L 1000|""|""|""|2026-02-28|OnHand|121|""|""|""|""|""||CAD
CA-AB|State Monopoly|Alberta|""|""|0010017645|Alberta Warehouse Total|Alberta Warehouse Total|""|""|""|""|""|""|""|""|""|""|""|""|750386|""|DF ZACAPA CENTENARIO XO 750ML 750|""|""|""|2026-02-28|OnHand|169|""|""|""|""|""||CAD
CA-AB|State Monopoly|Alberta|""|""|0010017645|Alberta Warehouse Total|Alberta Warehouse Total|""|""|""|""|""|""|""|""|""|""|""|""|751673|""|CAPTAIN MORGAN SPICED 50|""|""|""|2026-02-28|OnHand|253|""|""|""|""|""||CAD
CA-AB|State Monopoly|Alberta|""|""|0010017645|Alberta Warehouse Total|Alberta Warehouse Total|""|""|""|""|""|""|""|""|""|""|""|""|751675|""|SMIRNOFF 50|""|""|""|2026-02-28|OnHand|634|""|""|""|""|""||CAD
CA-AB|State Monopoly|Alberta|""|""|0010017645|Alberta Warehouse Total|Alberta Warehouse Total|""|""|""|""|""|""|""|""|""|""|""|""|754683|""|SMITHWICKS ALE (4X500ML) 2000|""|""|""|2026-02-28|OnHand|1571|""|""|""|""|""||CAD
CA-AB|State Monopoly|Alberta|""|""|0010017645|Alberta Warehouse Total|Alberta Warehouse Total|""|""|""|""|""|""|""|""|""|""|""|""|754683|""|SMITHWICKS ALE (4X500ML) 2000|""|""|""|2026-02-28|OnOrder|1600|""|""|""|""|""||CAD
CA-AB|State Monopoly|Alberta|""|""|0010017645|Alberta Warehouse Total|Alberta Warehouse Total|""|""|""|""|""|""|""|""|""|""|""|""|755713|""|SMITHWICKS KEG 50000|""|""|""|2026-02-28|OnHand|51|""|""|""|""|""||CAD
CA-AB|State Monopoly|Alberta|""|""|0010017645|Alberta Warehouse Total|Alberta Warehouse Total|""|""|""|""|""|""|""|""|""|""|""|""|755713|""|SMITHWICKS KEG 50000|""|""|""|2026-02-28|OnOrder|112|""|""|""|""|""||CAD
CA-AB|State Monopoly|Alberta|""|""|0010017645|Alberta Warehouse Total|Alberta Warehouse Total|""|""|""|""|""|""|""|""|""|""|""|""|755966|""|SMIRNOFF ICE 4PK 1320|""|""|""|2026-02-28|OnHand|3721|""|""|""|""|""||CAD
CA-AB|State Monopoly|Alberta|""|""|0010017645|Alberta Warehouse Total|Alberta Warehouse Total|""|""|""|""|""|""|""|""|""|""|""|""|755966|""|SMIRNOFF ICE 4PK 1320|""|""|""|2026-02-28|OnOrder|300|""|""|""|""|""||CAD
CA-AB|State Monopoly|Alberta|""|""|0010017645|Alberta Warehouse Total|Alberta Warehouse Total|""|""|""|""|""|""|""|""|""|""|""|""|755970|""|SMIRNOFF ICE 24 PK 7920|""|""|""|2026-02-28|OnHand|4393|""|""|""|""|""||CAD
CA-AB|State Monopoly|Alberta|""|""|0010017645|Alberta Warehouse Total|Alberta Warehouse Total|""|""|""|""|""|""|""|""|""|""|""|""|755970|""|SMIRNOFF ICE 24 PK 7920|""|""|""|2026-02-28|OnOrder|720|""|""|""|""|""||CAD
CA-AB|State Monopoly|Alberta|""|""|0010017645|Alberta Warehouse Total|Alberta Warehouse Total|""|""|""|""|""|""|""|""|""|""|""|""|755974|""|SMIRNOFF ICE IL PET 1000|""|""|""|2026-02-28|OnHand|1940|""|""|""|""|""||CAD
CA-AB|State Monopoly|Alberta|""|""|0010017645|Alberta Warehouse Total|Alberta Warehouse Total|""|""|""|""|""|""|""|""|""|""|""|""|755974|""|SMIRNOFF ICE IL PET 1000|""|""|""|2026-02-28|OnOrder|220|""|""|""|""|""||CAD
CA-AB|State Monopoly|Alberta|""|""|0010017645|Alberta Warehouse Total|Alberta Warehouse Total|""|""|""|""|""|""|""|""|""|""|""|""|757164|""|CAPTAIN MORGAN SPICED PET 750|""|""|""|2026-02-28|OnHand|939|""|""|""|""|""||CAD
CA-AB|State Monopoly|Alberta|""|""|0010017645|Alberta Warehouse Total|Alberta Warehouse Total|""|""|""|""|""|""|""|""|""|""|""|""|757164|""|CAPTAIN MORGAN SPICED PET 750|""|""|""|2026-02-28|OnOrder|600|""|""|""|""|""||CAD
CA-AB|State Monopoly|Alberta|""|""|0010017645|Alberta Warehouse Total|Alberta Warehouse Total|""|""|""|""|""|""|""|""|""|""|""|""|757718|""|KETEL ONE VODKA 375|""|""|""|2026-02-28|OnHand|61|""|""|""|""|""||CAD
CA-AB|State Monopoly|Alberta|""|""|0010017645|Alberta Warehouse Total|Alberta Warehouse Total|""|""|""|""|""|""|""|""|""|""|""|""|757797|""|CIROC RED BERRY 750|""|""|""|2026-02-28|OnHand|60|""|""|""|""|""||CAD
CA-AB|State Monopoly|Alberta|""|""|0010017645|Alberta Warehouse Total|Alberta Warehouse Total|""|""|""|""|""|""|""|""|""|""|""|""|757797|""|CIROC RED BERRY 750|""|""|""|2026-02-28|OnOrder|360|""|""|""|""|""||CAD
CA-AB|State Monopoly|Alberta|""|""|0010017645|Alberta Warehouse Total|Alberta Warehouse Total|""|""|""|""|""|""|""|""|""|""|""|""|757798|""|CIROC PEACH 750|""|""|""|2026-02-28|OnHand|225|""|""|""|""|""||CAD
CA-AB|State Monopoly|Alberta|""|""|0010017645|Alberta Warehouse Total|Alberta Warehouse Total|""|""|""|""|""|""|""|""|""|""|""|""|757798|""|CIROC PEACH 750|""|""|""|2026-02-28|OnOrder|480|""|""|""|""|""||CAD
CA-AB|State Monopoly|Alberta|""|""|0010017645|Alberta Warehouse Total|Alberta Warehouse Total|""|""|""|""|""|""|""|""|""|""|""|""|760609|""|TANQUERAY RANGPUR 750|""|""|""|2026-02-28|OnHand|148|""|""|""|""|""||CAD
CA-AB|State Monopoly|Alberta|""|""|0010017645|Alberta Warehouse Total|Alberta Warehouse Total|""|""|""|""|""|""|""|""|""|""|""|""|760609|""|TANQUERAY RANGPUR 750|""|""|""|2026-02-28|OnOrder|120|""|""|""|""|""||CAD
CA-AB|State Monopoly|Alberta|""|""|0010017645|Alberta Warehouse Total|Alberta Warehouse Total|""|""|""|""|""|""|""|""|""|""|""|""|761931|""|KETEL ONE VODKA 1140|""|""|""|2026-02-28|OnHand|368|""|""|""|""|""||CAD
CA-AB|State Monopoly|Alberta|""|""|0010017645|Alberta Warehouse Total|Alberta Warehouse Total|""|""|""|""|""|""|""|""|""|""|""|""|761931|""|KETEL ONE VODKA 1140|""|""|""|2026-02-28|OnOrder|200|""|""|""|""|""||CAD
CA-AB|State Monopoly|Alberta|""|""|0010017645|Alberta Warehouse Total|Alberta Warehouse Total|""|""|""|""|""|""|""|""|""|""|""|""|761963|""|TALISKER STORM 750|""|""|""|2026-02-28|OnHand|119|""|""|""|""|""||CAD
CA-AB|State Monopoly|Alberta|""|""|0010017645|Alberta Warehouse Total|Alberta Warehouse Total|""|""|""|""|""|""|""|""|""|""|""|""|762782|""|CIROC COCONUT 1000|""|""|""|2026-02-28|OnHand|242|""|""|""|""|""||CAD
CA-AB|State Monopoly|Alberta|""|""|0010017645|Alberta Warehouse Total|Alberta Warehouse Total|""|""|""|""|""|""|""|""|""|""|""|""|763124|""|CIROC 1000|""|""|""|2026-02-28|OnHand|70|""|""|""|""|""||CAD
CA-AB|State Monopoly|Alberta|""|""|0010017645|Alberta Warehouse Total|Alberta Warehouse Total|""|""|""|""|""|""|""|""|""|""|""|""|763176|""|SMIRNOFF LIME 750|""|""|""|2026-02-28|OnHand|61|""|""|""|""|""||CAD
CA-AB|State Monopoly|Alberta|""|""|0010017645|Alberta Warehouse Total|Alberta Warehouse Total|""|""|""|""|""|""|""|""|""|""|""|""|763177|""|SMIRNOFF ORANGE 750|""|""|""|2026-02-28|OnHand|122|""|""|""|""|""||CAD
CA-AB|State Monopoly|Alberta|""|""|0010017645|Alberta Warehouse Total|Alberta Warehouse Total|""|""|""|""|""|""|""|""|""|""|""|""|763178|""|SMIRNOFF VANILLA 750|""|""|""|2026-02-28|OnHand|443|""|""|""|""|""||CAD
CA-AB|State Monopoly|Alberta|""|""|0010017645|Alberta Warehouse Total|Alberta Warehouse Total|""|""|""|""|""|""|""|""|""|""|""|""|763178|""|SMIRNOFF VANILLA 750|""|""|""|2026-02-28|OnOrder|120|""|""|""|""|""||CAD
CA-AB|State Monopoly|Alberta|""|""|0010017645|Alberta Warehouse Total|Alberta Warehouse Total|""|""|""|""|""|""|""|""|""|""|""|""|763180|""|SMIRNOFF RASPBERRY 750|""|""|""|2026-02-28|OnHand|995|""|""|""|""|""||CAD
CA-AB|State Monopoly|Alberta|""|""|0010017645|Alberta Warehouse Total|Alberta Warehouse Total|""|""|""|""|""|""|""|""|""|""|""|""|763180|""|SMIRNOFF RASPBERRY 750|""|""|""|2026-02-28|OnOrder|300|""|""|""|""|""||CAD
CA-AB|State Monopoly|Alberta|""|""|0010017645|Alberta Warehouse Total|Alberta Warehouse Total|""|""|""|""|""|""|""|""|""|""|""|""|763182|""|SMIRNOFF BLUEBERRY 750|""|""|""|2026-02-28|OnHand|274|""|""|""|""|""||CAD
CA-AB|State Monopoly|Alberta|""|""|0010017645|Alberta Warehouse Total|Alberta Warehouse Total|""|""|""|""|""|""|""|""|""|""|""|""|763182|""|SMIRNOFF BLUEBERRY 750|""|""|""|2026-02-28|OnOrder|60|""|""|""|""|""||CAD
CA-AB|State Monopoly|Alberta|""|""|0010017645|Alberta Warehouse Total|Alberta Warehouse Total|""|""|""|""|""|""|""|""|""|""|""|""|763184|""|SMIRNOFF GREEN APPLE 750|""|""|""|2026-02-28|OnHand|113|""|""|""|""|""||CAD
CA-AB|State Monopoly|Alberta|""|""|0010017645|Alberta Warehouse Total|Alberta Warehouse Total|""|""|""|""|""|""|""|""|""|""|""|""|765044|""|CAPTAIN MORGAN WHITE SPICED 1140|""|""|""|2026-02-28|OnHand|87|""|""|""|""|""||CAD
CA-AB|State Monopoly|Alberta|""|""|0010017645|Alberta Warehouse Total|Alberta Warehouse Total|""|""|""|""|""|""|""|""|""|""|""|""|765650|""|CASAMIGOS REPOSADO 750|""|""|""|2026-02-28|OnHand|1215|""|""|""|""|""||CAD
CA-AB|State Monopoly|Alberta|""|""|0010017645|Alberta Warehouse Total|Alberta Warehouse Total|""|""|""|""|""|""|""|""|""|""|""|""|765650|""|CASAMIGOS REPOSADO 750|""|""|""|2026-02-28|OnOrder|4200|""|""|""|""|""||CAD
CA-AB|State Monopoly|Alberta|""|""|0010017645|Alberta Warehouse Total|Alberta Warehouse Total|""|""|""|""|""|""|""|""|""|""|""|""|765750|""|CASAMIGOS BLANCO 750|""|""|""|2026-02-28|OnHand|2820|""|""|""|""|""||CAD
CA-AB|State Monopoly|Alberta|""|""|0010017645|Alberta Warehouse Total|Alberta Warehouse Total|""|""|""|""|""|""|""|""|""|""|""|""|765750|""|CASAMIGOS BLANCO 750|""|""|""|2026-02-28|OnOrder|4410|""|""|""|""|""||CAD
CA-AB|State Monopoly|Alberta|""|""|0010017645|Alberta Warehouse Total|Alberta Warehouse Total|""|""|""|""|""|""|""|""|""|""|""|""|765908|""|CROWN ROYAL 300|""|""|""|2026-02-28|OnOrder|924|""|""|""|""|""||CAD
CA-AB|State Monopoly|Alberta|""|""|0010017645|Alberta Warehouse Total|Alberta Warehouse Total|""|""|""|""|""|""|""|""|""|""|""|""|765909|""|CROWN ROYAL PET 200|""|""|""|2026-02-28|OnHand|463|""|""|""|""|""||CAD
CA-AB|State Monopoly|Alberta|""|""|0010017645|Alberta Warehouse Total|Alberta Warehouse Total|""|""|""|""|""|""|""|""|""|""|""|""|765909|""|CROWN ROYAL PET 200|""|""|""|2026-02-28|OnOrder|126|""|""|""|""|""||CAD
CA-AB|State Monopoly|Alberta|""|""|0010017645|Alberta Warehouse Total|Alberta Warehouse Total|""|""|""|""|""|""|""|""|""|""|""|""|765913|""|ROYAL LOCHNAGAR 12YR 700|""|""|""|2026-02-28|OnHand|32|""|""|""|""|""||CAD
CA-AB|State Monopoly|Alberta|""|""|0010017645|Alberta Warehouse Total|Alberta Warehouse Total|""|""|""|""|""|""|""|""|""|""|""|""|765957|""|JOHNNIE WALKER PLATINUM 1000|""|""|""|2026-02-28|OnHand|27|""|""|""|""|""||CAD
CA-AB|State Monopoly|Alberta|""|""|0010017645|Alberta Warehouse Total|Alberta Warehouse Total|""|""|""|""|""|""|""|""|""|""|""|""|765958|""|JOHNNIE WALKER GOLD RESERVE 1000|""|""|""|2026-02-28|OnHand|330|""|""|""|""|""||CAD
CA-AB|State Monopoly|Alberta|""|""|0010017645|Alberta Warehouse Total|Alberta Warehouse Total|""|""|""|""|""|""|""|""|""|""|""|""|765959|""|TALISKER DARK STORM 1000|""|""|""|2026-02-28|OnHand|42|""|""|""|""|""||CAD
CA-AB|State Monopoly|Alberta|""|""|0010017645|Alberta Warehouse Total|Alberta Warehouse Total|""|""|""|""|""|""|""|""|""|""|""|""|766067|""|BAILEYS SALTED CARAMEL 750|""|""|""|2026-02-28|OnHand|85|""|""|""|""|""||CAD
CA-AB|State Monopoly|Alberta|""|""|0010017645|Alberta Warehouse Total|Alberta Warehouse Total|""|""|""|""|""|""|""|""|""|""|""|""|766899|""|CIROC RED BERRY 1000|""|""|""|2026-02-28|OnHand|177|""|""|""|""|""||CAD
CA-AB|State Monopoly|Alberta|""|""|0010017645|Alberta Warehouse Total|Alberta Warehouse Total|""|""|""|""|""|""|""|""|""|""|""|""|768844|""|CROWN ROYAL APPLE 750|""|""|""|2026-02-28|OnHand|678|""|""|""|""|""||CAD
CA-AB|State Monopoly|Alberta|""|""|0010017645|Alberta Warehouse Total|Alberta Warehouse Total|""|""|""|""|""|""|""|""|""|""|""|""|769355|""|THE SINGLETON OF/DE DUFFTOWN 12 YEAR OLD 750|""|""|""|2026-02-28|OnHand|930|""|""|""|""|""||CAD
CA-AB|State Monopoly|Alberta|""|""|0010017645|Alberta Warehouse Total|Alberta Warehouse Total|""|""|""|""|""|""|""|""|""|""|""|""|770050|""|OBAN LITTLE BAY 750|""|""|""|2026-02-28|OnHand|70|""|""|""|""|""||CAD
CA-AB|State Monopoly|Alberta|""|""|0010017645|Alberta Warehouse Total|Alberta Warehouse Total|""|""|""|""|""|""|""|""|""|""|""|""|770088|""|JOHNNIE WALKER GREEN LABEL 750|""|""|""|2026-02-28|OnHand|59|""|""|""|""|""||CAD
CA-AB|State Monopoly|Alberta|""|""|0010017645|Alberta Warehouse Total|Alberta Warehouse Total|""|""|""|""|""|""|""|""|""|""|""|""|770088|""|JOHNNIE WALKER GREEN LABEL 750|""|""|""|2026-02-28|OnOrder|186|""|""|""|""|""||CAD
CA-AB|State Monopoly|Alberta|""|""|0010017645|Alberta Warehouse Total|Alberta Warehouse Total|""|""|""|""|""|""|""|""|""|""|""|""|770993|""|CIROC PEACH 1000|""|""|""|2026-02-28|OnHand|139|""|""|""|""|""||CAD
CA-AB|State Monopoly|Alberta|""|""|0010017645|Alberta Warehouse Total|Alberta Warehouse Total|""|""|""|""|""|""|""|""|""|""|""|""|770995|""|BULLEIT BOURBON 1000|""|""|""|2026-02-28|OnHand|42|""|""|""|""|""||CAD
CA-AB|State Monopoly|Alberta|""|""|0010017645|Alberta Warehouse Total|Alberta Warehouse Total|""|""|""|""|""|""|""|""|""|""|""|""|771489|""|JOHNNIE WALKER BLACK LABEL 1750ML 1750|""|""|""|2026-02-28|OnHand|3962|""|""|""|""|""||CAD
CA-AB|State Monopoly|Alberta|""|""|0010017645|Alberta Warehouse Total|Alberta Warehouse Total|""|""|""|""|""|""|""|""|""|""|""|""|771489|""|JOHNNIE WALKER BLACK LABEL 1750ML 1750|""|""|""|2026-02-28|OnOrder|3628|""|""|""|""|""||CAD
CA-AB|State Monopoly|Alberta|""|""|0010017645|Alberta Warehouse Total|Alberta Warehouse Total|""|""|""|""|""|""|""|""|""|""|""|""|773249|""|CIROC PINEAPPLE 1000|""|""|""|2026-02-28|OnHand|160|""|""|""|""|""||CAD
CA-AB|State Monopoly|Alberta|""|""|0010017645|Alberta Warehouse Total|Alberta Warehouse Total|""|""|""|""|""|""|""|""|""|""|""|""|773250|""|CROWN ROYAL REGAL APPLE 1000|""|""|""|2026-02-28|OnHand|9|""|""|""|""|""||CAD
CA-AB|State Monopoly|Alberta|""|""|0010017645|Alberta Warehouse Total|Alberta Warehouse Total|""|""|""|""|""|""|""|""|""|""|""|""|773931|""|CIROC ULTRA-PREMIUM 750|""|""|""|2026-02-28|OnHand|131|""|""|""|""|""||CAD
CA-AB|State Monopoly|Alberta|""|""|0010017645|Alberta Warehouse Total|Alberta Warehouse Total|""|""|""|""|""|""|""|""|""|""|""|""|773931|""|CIROC ULTRA-PREMIUM 750|""|""|""|2026-02-28|OnOrder|360|""|""|""|""|""||CAD
CA-AB|State Monopoly|Alberta|""|""|0010017645|Alberta Warehouse Total|Alberta Warehouse Total|""|""|""|""|""|""|""|""|""|""|""|""|773968|""|CASAMIGOS ANEJO 750|""|""|""|2026-02-28|OnHand|190|""|""|""|""|""||CAD
CA-AB|State Monopoly|Alberta|""|""|0010017645|Alberta Warehouse Total|Alberta Warehouse Total|""|""|""|""|""|""|""|""|""|""|""|""|773968|""|CASAMIGOS ANEJO 750|""|""|""|2026-02-28|OnOrder|315|""|""|""|""|""||CAD
CA-AB|State Monopoly|Alberta|""|""|0010017645|Alberta Warehouse Total|Alberta Warehouse Total|""|""|""|""|""|""|""|""|""|""|""|""|774292|""|JOHNNIE WALKER RED LABEL 3L 3000|""|""|""|2026-02-28|OnHand|49|""|""|""|""|""||CAD
CA-AB|State Monopoly|Alberta|""|""|0010017645|Alberta Warehouse Total|Alberta Warehouse Total|""|""|""|""|""|""|""|""|""|""|""|""|774762|""|CROWN ROYAL NORTHERN HARVEST RYE 750|""|""|""|2026-02-28|OnHand|154|""|""|""|""|""||CAD
CA-AB|State Monopoly|Alberta|""|""|0010017645|Alberta Warehouse Total|Alberta Warehouse Total|""|""|""|""|""|""|""|""|""|""|""|""|774862|""|BULLEIT 10 YEAR OLD 750|""|""|""|2026-02-28|OnHand|41|""|""|""|""|""||CAD
CA-AB|State Monopoly|Alberta|""|""|0010017645|Alberta Warehouse Total|Alberta Warehouse Total|""|""|""|""|""|""|""|""|""|""|""|""|774862|""|BULLEIT 10 YEAR OLD 750|""|""|""|2026-02-28|OnOrder|50|""|""|""|""|""||CAD
CA-AB|State Monopoly|Alberta|""|""|0010017645|Alberta Warehouse Total|Alberta Warehouse Total|""|""|""|""|""|""|""|""|""|""|""|""|774864|""|CROWN ROYAL XO 750|""|""|""|2026-02-28|OnHand|56|""|""|""|""|""||CAD
CA-AB|State Monopoly|Alberta|""|""|0010017645|Alberta Warehouse Total|Alberta Warehouse Total|""|""|""|""|""|""|""|""|""|""|""|""|776478|""|SMIRNOFF ICE 6PK CAN 2130|""|""|""|2026-02-28|OnHand|5005|""|""|""|""|""||CAD
CA-AB|State Monopoly|Alberta|""|""|0010017645|Alberta Warehouse Total|Alberta Warehouse Total|""|""|""|""|""|""|""|""|""|""|""|""|776478|""|SMIRNOFF ICE 6PK CAN 2130|""|""|""|2026-02-28|OnOrder|99|""|""|""|""|""||CAD
CA-AB|State Monopoly|Alberta|""|""|0010017645|Alberta Warehouse Total|Alberta Warehouse Total|""|""|""|""|""|""|""|""|""|""|""|""|776480|""|SMIRNOFF ICE VII ORIGINAL 473|""|""|""|2026-02-28|OnHand|313|""|""|""|""|""||CAD
CA-AB|State Monopoly|Alberta|""|""|0010017645|Alberta Warehouse Total|Alberta Warehouse Total|""|""|""|""|""|""|""|""|""|""|""|""|776481|""|SMIRNOFF ICE VII WATERMELON 473|""|""|""|2026-02-28|OnHand|159|""|""|""|""|""||CAD
CA-AB|State Monopoly|Alberta|""|""|0010017645|Alberta Warehouse Total|Alberta Warehouse Total|""|""|""|""|""|""|""|""|""|""|""|""|776483|""|SMIRNOFF ICE LIGHT BLACK CHERRY & SODA 1420|""|""|""|2026-02-28|OnHand|1864|""|""|""|""|""||CAD
CA-AB|State Monopoly|Alberta|""|""|0010017645|Alberta Warehouse Total|Alberta Warehouse Total|""|""|""|""|""|""|""|""|""|""|""|""|776483|""|SMIRNOFF ICE LIGHT BLACK CHERRY & SODA 1420|""|""|""|2026-02-28|OnOrder|960|""|""|""|""|""||CAD
CA-AB|State Monopoly|Alberta|""|""|0010017645|Alberta Warehouse Total|Alberta Warehouse Total|""|""|""|""|""|""|""|""|""|""|""|""|776484|""|SMIRNOFF ICE LIGHT WHITE PEACH & SODA CA 1420|""|""|""|2026-02-28|OnHand|1273|""|""|""|""|""||CAD
CA-AB|State Monopoly|Alberta|""|""|0010017645|Alberta Warehouse Total|Alberta Warehouse Total|""|""|""|""|""|""|""|""|""|""|""|""|776484|""|SMIRNOFF ICE LIGHT WHITE PEACH & SODA CA 1420|""|""|""|2026-02-28|OnOrder|384|""|""|""|""|""||CAD
CA-AB|State Monopoly|Alberta|""|""|0010017645|Alberta Warehouse Total|Alberta Warehouse Total|""|""|""|""|""|""|""|""|""|""|""|""|776486|""|SMIRNOFF ICE LIGHT RASPBERRY & SODA 1420|""|""|""|2026-02-28|OnHand|2717|""|""|""|""|""||CAD
CA-AB|State Monopoly|Alberta|""|""|0010017645|Alberta Warehouse Total|Alberta Warehouse Total|""|""|""|""|""|""|""|""|""|""|""|""|776486|""|SMIRNOFF ICE LIGHT RASPBERRY & SODA 1420|""|""|""|2026-02-28|OnOrder|960|""|""|""|""|""||CAD
CA-AB|State Monopoly|Alberta|""|""|0010017645|Alberta Warehouse Total|Alberta Warehouse Total|""|""|""|""|""|""|""|""|""|""|""|""|776837|""|KILKENNY DRAUGHT IN CAN 4 X 500ML CLUSTE 2000|""|""|""|2026-02-28|OnHand|1788|""|""|""|""|""||CAD
CA-AB|State Monopoly|Alberta|""|""|0010017645|Alberta Warehouse Total|Alberta Warehouse Total|""|""|""|""|""|""|""|""|""|""|""|""|776837|""|KILKENNY DRAUGHT IN CAN 4 X 500ML CLUSTE 2000|""|""|""|2026-02-28|OnOrder|3780|""|""|""|""|""||CAD
CA-AB|State Monopoly|Alberta|""|""|0010017645|Alberta Warehouse Total|Alberta Warehouse Total|""|""|""|""|""|""|""|""|""|""|""|""|777458|""|TALISKER PORT RUIGHE 700|""|""|""|2026-02-28|OnHand|38|""|""|""|""|""||CAD
CA-AB|State Monopoly|Alberta|""|""|0010017645|Alberta Warehouse Total|Alberta Warehouse Total|""|""|""|""|""|""|""|""|""|""|""|""|777960|""|SMIRNOFF ICE TALL CAN SINGLES 473|""|""|""|2026-02-28|OnHand|843|""|""|""|""|""||CAD
CA-AB|State Monopoly|Alberta|""|""|0010017645|Alberta Warehouse Total|Alberta Warehouse Total|""|""|""|""|""|""|""|""|""|""|""|""|778983|""|CIROC PINEAPPLE 750|""|""|""|2026-02-28|OnHand|146|""|""|""|""|""||CAD
CA-AB|State Monopoly|Alberta|""|""|0010017645|Alberta Warehouse Total|Alberta Warehouse Total|""|""|""|""|""|""|""|""|""|""|""|""|778983|""|CIROC PINEAPPLE 750|""|""|""|2026-02-28|OnOrder|480|""|""|""|""|""||CAD
CA-AB|State Monopoly|Alberta|""|""|0010017645|Alberta Warehouse Total|Alberta Warehouse Total|""|""|""|""|""|""|""|""|""|""|""|""|779134|""|CAPTAIN MORGAN COCONUT FLAVOURED RUM 750|""|""|""|2026-02-28|OnHand|160|""|""|""|""|""||CAD
CA-AB|State Monopoly|Alberta|""|""|0010017645|Alberta Warehouse Total|Alberta Warehouse Total|""|""|""|""|""|""|""|""|""|""|""|""|779136|""|CAPTAIN MORGAN PINEAPPLE FLAVOURED RUM 750|""|""|""|2026-02-28|OnHand|54|""|""|""|""|""||CAD
CA-AB|State Monopoly|Alberta|""|""|0010017645|Alberta Warehouse Total|Alberta Warehouse Total|""|""|""|""|""|""|""|""|""|""|""|""|779157|""|BULLEIT BOURBON 375|""|""|""|2026-02-28|OnHand|166|""|""|""|""|""||CAD
CA-AB|State Monopoly|Alberta|""|""|0010017645|Alberta Warehouse Total|Alberta Warehouse Total|""|""|""|""|""|""|""|""|""|""|""|""|780828|""|LAGAVULIN 8 YEAR OLD 750|""|""|""|2026-02-28|OnHand|551|""|""|""|""|""||CAD
CA-AB|State Monopoly|Alberta|""|""|0010017645|Alberta Warehouse Total|Alberta Warehouse Total|""|""|""|""|""|""|""|""|""|""|""|""|782816|""|CIROC APPLE 1000|""|""|""|2026-02-28|OnHand|297|""|""|""|""|""||CAD
CA-AB|State Monopoly|Alberta|""|""|0010017645|Alberta Warehouse Total|Alberta Warehouse Total|""|""|""|""|""|""|""|""|""|""|""|""|782824|""|OBAN LITTLE BAY 1000|""|""|""|2026-02-28|OnHand|37|""|""|""|""|""||CAD
CA-AB|State Monopoly|Alberta|""|""|0010017645|Alberta Warehouse Total|Alberta Warehouse Total|""|""|""|""|""|""|""|""|""|""|""|""|782836|""|TALISKER SKYE 1000|""|""|""|2026-02-28|OnHand|22|""|""|""|""|""||CAD
CA-AB|State Monopoly|Alberta|""|""|0010017645|Alberta Warehouse Total|Alberta Warehouse Total|""|""|""|""|""|""|""|""|""|""|""|""|782841|""|TANQUERAY RANGPUR GIN 1000|""|""|""|2026-02-28|OnHand|50|""|""|""|""|""||CAD
CA-AB|State Monopoly|Alberta|""|""|0010017645|Alberta Warehouse Total|Alberta Warehouse Total|""|""|""|""|""|""|""|""|""|""|""|""|783864|""|CROWN ROYAL VANILLA 750|""|""|""|2026-02-28|OnHand|263|""|""|""|""|""||CAD
CA-AB|State Monopoly|Alberta|""|""|0010017645|Alberta Warehouse Total|Alberta Warehouse Total|""|""|""|""|""|""|""|""|""|""|""|""|783942|""|CROWN ROYAL APPLE 375ML 375|""|""|""|2026-02-28|OnHand|44|""|""|""|""|""||CAD
CA-AB|State Monopoly|Alberta|""|""|0010017645|Alberta Warehouse Total|Alberta Warehouse Total|""|""|""|""|""|""|""|""|""|""|""|""|784436|""|BAILEYS SALTED CARAMEL 1000|""|""|""|2026-02-28|OnHand|80|""|""|""|""|""||CAD
CA-AB|State Monopoly|Alberta|""|""|0010017645|Alberta Warehouse Total|Alberta Warehouse Total|""|""|""|""|""|""|""|""|""|""|""|""|784441|""|DF RESERVA DE DON JULIO ANEJO 700|""|""|""|2026-02-28|OnHand|182|""|""|""|""|""||CAD
CA-AB|State Monopoly|Alberta|""|""|0010017645|Alberta Warehouse Total|Alberta Warehouse Total|""|""|""|""|""|""|""|""|""|""|""|""|784442|""|DF RESERVA DE DON JULIO BLANCO 700|""|""|""|2026-02-28|OnHand|277|""|""|""|""|""||CAD
CA-AB|State Monopoly|Alberta|""|""|0010017645|Alberta Warehouse Total|Alberta Warehouse Total|""|""|""|""|""|""|""|""|""|""|""|""|784444|""|DF JOHNNIE WALKER BLACK LABEL 12 YR 1500|""|""|""|2026-02-28|OnHand|59|""|""|""|""|""||CAD
CA-AB|State Monopoly|Alberta|""|""|0010017645|Alberta Warehouse Total|Alberta Warehouse Total|""|""|""|""|""|""|""|""|""|""|""|""|784445|""|JOHNNIE WALKER ISLAND GREEN 1000|""|""|""|2026-02-28|OnHand|65|""|""|""|""|""||CAD
CA-AB|State Monopoly|Alberta|""|""|0010017645|Alberta Warehouse Total|Alberta Warehouse Total|""|""|""|""|""|""|""|""|""|""|""|""|784446|""|KETEL ONE VODKA 1000|""|""|""|2026-02-28|OnHand|252|""|""|""|""|""||CAD
CA-AB|State Monopoly|Alberta|""|""|0010017645|Alberta Warehouse Total|Alberta Warehouse Total|""|""|""|""|""|""|""|""|""|""|""|""|784455|""|THE SINGLETON OF GLENDULLAN - DOUBLE MAT 1000|""|""|""|2026-02-28|OnHand|4|""|""|""|""|""||CAD
CA-AB|State Monopoly|Alberta|""|""|0010017645|Alberta Warehouse Total|Alberta Warehouse Total|""|""|""|""|""|""|""|""|""|""|""|""|785815|""|TANQUERAY LONDON DRY GIN 1750|""|""|""|2026-02-28|OnHand|2136|""|""|""|""|""||CAD
CA-AB|State Monopoly|Alberta|""|""|0010017645|Alberta Warehouse Total|Alberta Warehouse Total|""|""|""|""|""|""|""|""|""|""|""|""|787989|""|BELL'S ORIGINAL 1140|""|""|""|2026-02-28|OnHand|682|""|""|""|""|""||CAD
CA-AB|State Monopoly|Alberta|""|""|0010017645|Alberta Warehouse Total|Alberta Warehouse Total|""|""|""|""|""|""|""|""|""|""|""|""|788753|""|SMIRNOFF ICE RASPBERRY 2130|""|""|""|2026-02-28|OnHand|1050|""|""|""|""|""||CAD
CA-AB|State Monopoly|Alberta|""|""|0010017645|Alberta Warehouse Total|Alberta Warehouse Total|""|""|""|""|""|""|""|""|""|""|""|""|788753|""|SMIRNOFF ICE RASPBERRY 2130|""|""|""|2026-02-28|OnOrder|495|""|""|""|""|""||CAD
CA-AB|State Monopoly|Alberta|""|""|0010017645|Alberta Warehouse Total|Alberta Warehouse Total|""|""|""|""|""|""|""|""|""|""|""|""|800337|""|SMIRNOFF ICE BERRY BLAST 473|""|""|""|2026-02-28|OnHand|509|""|""|""|""|""||CAD
CA-AB|State Monopoly|Alberta|""|""|0010017645|Alberta Warehouse Total|Alberta Warehouse Total|""|""|""|""|""|""|""|""|""|""|""|""|803326|""|BULLEIT BOURBON FRONTIER WHISKEY 1750|""|""|""|2026-02-28|OnHand|1475|""|""|""|""|""||CAD
CA-AB|State Monopoly|Alberta|""|""|0010017645|Alberta Warehouse Total|Alberta Warehouse Total|""|""|""|""|""|""|""|""|""|""|""|""|803326|""|BULLEIT BOURBON FRONTIER WHISKEY 1750|""|""|""|2026-02-28|OnOrder|60|""|""|""|""|""||CAD
CA-AB|State Monopoly|Alberta|""|""|0010017645|Alberta Warehouse Total|Alberta Warehouse Total|""|""|""|""|""|""|""|""|""|""|""|""|803331|""|DON JULIO BLANCO 1750|""|""|""|2026-02-28|OnHand|193|""|""|""|""|""||CAD
CA-AB|State Monopoly|Alberta|""|""|0010017645|Alberta Warehouse Total|Alberta Warehouse Total|""|""|""|""|""|""|""|""|""|""|""|""|803331|""|DON JULIO BLANCO 1750|""|""|""|2026-02-28|OnOrder|1040|""|""|""|""|""||CAD
CA-AB|State Monopoly|Alberta|""|""|0010017645|Alberta Warehouse Total|Alberta Warehouse Total|""|""|""|""|""|""|""|""|""|""|""|""|803341|""|CAPTAIN MORGAN SPICED PET 1140|""|""|""|2026-02-28|OnHand|1140|""|""|""|""|""||CAD
CA-AB|State Monopoly|Alberta|""|""|0010017645|Alberta Warehouse Total|Alberta Warehouse Total|""|""|""|""|""|""|""|""|""|""|""|""|803347|""|TANQUERAY FLOR DE SEVILLA 750|""|""|""|2026-02-28|OnHand|93|""|""|""|""|""||CAD
CA-AB|State Monopoly|Alberta|""|""|0010017645|Alberta Warehouse Total|Alberta Warehouse Total|""|""|""|""|""|""|""|""|""|""|""|""|803347|""|TANQUERAY FLOR DE SEVILLA 750|""|""|""|2026-02-28|OnOrder|120|""|""|""|""|""||CAD
CA-AB|State Monopoly|Alberta|""|""|0010017645|Alberta Warehouse Total|Alberta Warehouse Total|""|""|""|""|""|""|""|""|""|""|""|""|803375|""|BUCHANAN'S DELUXE 12YO 750|""|""|""|2026-02-28|OnHand|270|""|""|""|""|""||CAD
CA-AB|State Monopoly|Alberta|""|""|0010017645|Alberta Warehouse Total|Alberta Warehouse Total|""|""|""|""|""|""|""|""|""|""|""|""|803375|""|BUCHANAN'S DELUXE 12YO 750|""|""|""|2026-02-28|OnOrder|180|""|""|""|""|""||CAD
CA-AB|State Monopoly|Alberta|""|""|0010017645|Alberta Warehouse Total|Alberta Warehouse Total|""|""|""|""|""|""|""|""|""|""|""|""|807969|""|CASAMIGOS MEZCAL 750|""|""|""|2026-02-28|OnHand|182|""|""|""|""|""||CAD
CA-AB|State Monopoly|Alberta|""|""|0010017645|Alberta Warehouse Total|Alberta Warehouse Total|""|""|""|""|""|""|""|""|""|""|""|""|807969|""|CASAMIGOS MEZCAL 750|""|""|""|2026-02-28|OnOrder|315|""|""|""|""|""||CAD
CA-AB|State Monopoly|Alberta|""|""|0010017645|Alberta Warehouse Total|Alberta Warehouse Total|""|""|""|""|""|""|""|""|""|""|""|""|808057|""|JOHNNIE WALKER DISCOVER TASTE PACK 250|""|""|""|2026-02-28|OnHand|180|""|""|""|""|""||CAD
CA-AB|State Monopoly|Alberta|""|""|0010017645|Alberta Warehouse Total|Alberta Warehouse Total|""|""|""|""|""|""|""|""|""|""|""|""|809107|""|JOHNNIE WALKER FAMILY COLLECTION PK 2018 800|""|""|""|2026-02-28|OnHand|394|""|""|""|""|""||CAD
CA-AB|State Monopoly|Alberta|""|""|0010017645|Alberta Warehouse Total|Alberta Warehouse Total|""|""|""|""|""|""|""|""|""|""|""|""|809107|""|JOHNNIE WALKER FAMILY COLLECTION PK 2018 800|""|""|""|2026-02-28|OnOrder|150|""|""|""|""|""||CAD
CA-AB|State Monopoly|Alberta|""|""|0010017645|Alberta Warehouse Total|Alberta Warehouse Total|""|""|""|""|""|""|""|""|""|""|""|""|812272|""|CROWN ROYAL PEACH 750|""|""|""|2026-02-28|OnHand|490|""|""|""|""|""||CAD
CA-AB|State Monopoly|Alberta|""|""|0010017645|Alberta Warehouse Total|Alberta Warehouse Total|""|""|""|""|""|""|""|""|""|""|""|""|813981|""|CIROC SUMMER WATERMELON 750|""|""|""|2026-02-28|OnHand|66|""|""|""|""|""||CAD
CA-AB|State Monopoly|Alberta|""|""|0010017645|Alberta Warehouse Total|Alberta Warehouse Total|""|""|""|""|""|""|""|""|""|""|""|""|813981|""|CIROC SUMMER WATERMELON 750|""|""|""|2026-02-28|OnOrder|120|""|""|""|""|""||CAD
CA-AB|State Monopoly|Alberta|""|""|0010017645|Alberta Warehouse Total|Alberta Warehouse Total|""|""|""|""|""|""|""|""|""|""|""|""|814237|""|SMIRNOFF ICE BERRY BLAST 2130|""|""|""|2026-02-28|OnHand|3906|""|""|""|""|""||CAD
CA-AB|State Monopoly|Alberta|""|""|0010017645|Alberta Warehouse Total|Alberta Warehouse Total|""|""|""|""|""|""|""|""|""|""|""|""|814243|""|SMIRNOFF ICE LIGHT CRISP CITRUS 1420|""|""|""|2026-02-28|OnHand|953|""|""|""|""|""||CAD
CA-AB|State Monopoly|Alberta|""|""|0010017645|Alberta Warehouse Total|Alberta Warehouse Total|""|""|""|""|""|""|""|""|""|""|""|""|814245|""|GORDON'S PREMIUM PINK GIN 750|""|""|""|2026-02-28|OnHand|200|""|""|""|""|""||CAD
CA-AB|State Monopoly|Alberta|""|""|0010017645|Alberta Warehouse Total|Alberta Warehouse Total|""|""|""|""|""|""|""|""|""|""|""|""|814463|""|TANQUERAY RANGPUR ON-PACK 50|""|""|""|2026-02-28|OnHand|420|""|""|""|""|""||CAD
CA-AB|State Monopoly|Alberta|""|""|0010017645|Alberta Warehouse Total|Alberta Warehouse Total|""|""|""|""|""|""|""|""|""|""|""|""|822730|""|BAILEYS ESPRESSO CREME 750|""|""|""|2026-02-28|OnHand|453|""|""|""|""|""||CAD
CA-AB|State Monopoly|Alberta|""|""|0010017645|Alberta Warehouse Total|Alberta Warehouse Total|""|""|""|""|""|""|""|""|""|""|""|""|822730|""|BAILEYS ESPRESSO CREME 750|""|""|""|2026-02-28|OnOrder|55|""|""|""|""|""||CAD
CA-AB|State Monopoly|Alberta|""|""|0010017645|Alberta Warehouse Total|Alberta Warehouse Total|""|""|""|""|""|""|""|""|""|""|""|""|824203|""|CAPTAIN MORGAN DARK RUM 1750|""|""|""|2026-02-28|OnHand|263|""|""|""|""|""||CAD
CA-AB|State Monopoly|Alberta|""|""|0010017645|Alberta Warehouse Total|Alberta Warehouse Total|""|""|""|""|""|""|""|""|""|""|""|""|826109|""|JOHN WALKER & SONS KING GEORGE V 750|""|""|""|2026-02-28|OnHand|27|""|""|""|""|""||CAD
CA-AB|State Monopoly|Alberta|""|""|0010017645|Alberta Warehouse Total|Alberta Warehouse Total|""|""|""|""|""|""|""|""|""|""|""|""|827246|""|MORTLACH 15 YO 750|""|""|""|2026-02-28|OnHand|13|""|""|""|""|""||CAD
CA-AB|State Monopoly|Alberta|""|""|0010017645|Alberta Warehouse Total|Alberta Warehouse Total|""|""|""|""|""|""|""|""|""|""|""|""|830349|""|DON JULIO 50 ML (10 X 50ML X 6PK/CS) 500|""|""|""|2026-02-28|OnHand|10|""|""|""|""|""||CAD
CA-AB|State Monopoly|Alberta|""|""|0010017645|Alberta Warehouse Total|Alberta Warehouse Total|""|""|""|""|""|""|""|""|""|""|""|""|830349|""|DON JULIO 50 ML (10 X 50ML X 6PK/CS) 500|""|""|""|2026-02-28|OnOrder|144|""|""|""|""|""||CAD
CA-AB|State Monopoly|Alberta|""|""|0010017645|Alberta Warehouse Total|Alberta Warehouse Total|""|""|""|""|""|""|""|""|""|""|""|""|834576|""|CAPTAIN MORGAN GOLD 1750|""|""|""|2026-02-28|OnHand|142|""|""|""|""|""||CAD
CA-AB|State Monopoly|Alberta|""|""|0010017645|Alberta Warehouse Total|Alberta Warehouse Total|""|""|""|""|""|""|""|""|""|""|""|""|835318|""|AVIATION GIN 375|""|""|""|2026-02-28|OnHand|125|""|""|""|""|""||CAD
CA-AB|State Monopoly|Alberta|""|""|0010017645|Alberta Warehouse Total|Alberta Warehouse Total|""|""|""|""|""|""|""|""|""|""|""|""|835319|""|CASAMIGOS REPOSADO 375|""|""|""|2026-02-28|OnHand|184|""|""|""|""|""||CAD
CA-AB|State Monopoly|Alberta|""|""|0010017645|Alberta Warehouse Total|Alberta Warehouse Total|""|""|""|""|""|""|""|""|""|""|""|""|843460|""|SMIRNOFF VODKA & SODA ROSE VARIETY PACK 4260|""|""|""|2026-02-28|OnHand|1844|""|""|""|""|""||CAD
CA-AB|State Monopoly|Alberta|""|""|0010017645|Alberta Warehouse Total|Alberta Warehouse Total|""|""|""|""|""|""|""|""|""|""|""|""|843461|""|SMIRNOFF ICE BLUE RASPBERRY & BLACKBERRY 2130|""|""|""|2026-02-28|OnHand|1154|""|""|""|""|""||CAD
CA-AB|State Monopoly|Alberta|""|""|0010017645|Alberta Warehouse Total|Alberta Warehouse Total|""|""|""|""|""|""|""|""|""|""|""|""|843462|""|SMIRNOFF ICE PEACH & MANGO 2130|""|""|""|2026-02-28|OnHand|1559|""|""|""|""|""||CAD
CA-AB|State Monopoly|Alberta|""|""|0010017645|Alberta Warehouse Total|Alberta Warehouse Total|""|""|""|""|""|""|""|""|""|""|""|""|843462|""|SMIRNOFF ICE PEACH & MANGO 2130|""|""|""|2026-02-28|OnOrder|495|""|""|""|""|""||CAD
CA-AB|State Monopoly|Alberta|""|""|0010017645|Alberta Warehouse Total|Alberta Warehouse Total|""|""|""|""|""|""|""|""|""|""|""|""|843464|""|CROWN ROYAL WHISKY & COLA (6PK) 2130|""|""|""|2026-02-28|OnHand|1237|""|""|""|""|""||CAD
CA-AB|State Monopoly|Alberta|""|""|0010017645|Alberta Warehouse Total|Alberta Warehouse Total|""|""|""|""|""|""|""|""|""|""|""|""|843467|""|CROWN ROYAL WHISKY & COLA CAN 473|""|""|""|2026-02-28|OnHand|762|""|""|""|""|""||CAD
CA-AB|State Monopoly|Alberta|""|""|0010017645|Alberta Warehouse Total|Alberta Warehouse Total|""|""|""|""|""|""|""|""|""|""|""|""|844110|""|CROWN ROYAL PEACH ONPACK 50|""|""|""|2026-02-28|OnOrder|200|""|""|""|""|""||CAD
CA-AB|State Monopoly|Alberta|""|""|0010017645|Alberta Warehouse Total|Alberta Warehouse Total|""|""|""|""|""|""|""|""|""|""|""|""|844112|""|BAILEYS 50 ML 50|""|""|""|2026-02-28|OnHand|167|""|""|""|""|""||CAD
CA-AB|State Monopoly|Alberta|""|""|0010017645|Alberta Warehouse Total|Alberta Warehouse Total|""|""|""|""|""|""|""|""|""|""|""|""|844112|""|BAILEYS 50 ML 50|""|""|""|2026-02-28|OnOrder|144|""|""|""|""|""||CAD
CA-AB|State Monopoly|Alberta|""|""|0010017645|Alberta Warehouse Total|Alberta Warehouse Total|""|""|""|""|""|""|""|""|""|""|""|""|846704|""|AVIATION GIN 1750|""|""|""|2026-02-28|OnHand|69|""|""|""|""|""||CAD
CA-AB|State Monopoly|Alberta|""|""|0010017645|Alberta Warehouse Total|Alberta Warehouse Total|""|""|""|""|""|""|""|""|""|""|""|""|848855|""|SMIRNOFF ICE PINK LEMONADE 473|""|""|""|2026-02-28|OnHand|334|""|""|""|""|""||CAD
CA-AB|State Monopoly|Alberta|""|""|0010017645|Alberta Warehouse Total|Alberta Warehouse Total|""|""|""|""|""|""|""|""|""|""|""|""|848856|""|SMIRNOFF ICE PINK LEMONADE 2130|""|""|""|2026-02-28|OnHand|1354|""|""|""|""|""||CAD
CA-AB|State Monopoly|Alberta|""|""|0010017645|Alberta Warehouse Total|Alberta Warehouse Total|""|""|""|""|""|""|""|""|""|""|""|""|852535|""|CROWN ROYAL 18 YEAR OLD 750|""|""|""|2026-02-28|OnHand|37|""|""|""|""|""||CAD
CA-AB|State Monopoly|Alberta|""|""|0010017645|Alberta Warehouse Total|Alberta Warehouse Total|""|""|""|""|""|""|""|""|""|""|""|""|853305|""|SMIRNOFF PET 750|""|""|""|2026-02-28|OnHand|2414|""|""|""|""|""||CAD
CA-AB|State Monopoly|Alberta|""|""|0010017645|Alberta Warehouse Total|Alberta Warehouse Total|""|""|""|""|""|""|""|""|""|""|""|""|853305|""|SMIRNOFF PET 750|""|""|""|2026-02-28|OnOrder|1200|""|""|""|""|""||CAD
CA-AB|State Monopoly|Alberta|""|""|0010017645|Alberta Warehouse Total|Alberta Warehouse Total|""|""|""|""|""|""|""|""|""|""|""|""|853310|""|DON JULIO ULTIMA RESERVA 750|""|""|""|2026-02-28|OnHand|20|""|""|""|""|""||CAD
CA-AB|State Monopoly|Alberta|""|""|0010017645|Alberta Warehouse Total|Alberta Warehouse Total|""|""|""|""|""|""|""|""|""|""|""|""|854292|""|ROE & CO BLENDED IRISH WHISKEY 750|""|""|""|2026-02-28|OnHand|193|""|""|""|""|""||CAD
CA-AB|State Monopoly|Alberta|""|""|0010017645|Alberta Warehouse Total|Alberta Warehouse Total|""|""|""|""|""|""|""|""|""|""|""|""|854292|""|ROE & CO BLENDED IRISH WHISKEY 750|""|""|""|2026-02-28|OnOrder|300|""|""|""|""|""||CAD
CA-AB|State Monopoly|Alberta|""|""|0010017645|Alberta Warehouse Total|Alberta Warehouse Total|""|""|""|""|""|""|""|""|""|""|""|""|859239|""|CRAGGANMORE 12 YEAR OLD 750|""|""|""|2026-02-28|OnHand|21|""|""|""|""|""||CAD
CA-AB|State Monopoly|Alberta|""|""|0010017645|Alberta Warehouse Total|Alberta Warehouse Total|""|""|""|""|""|""|""|""|""|""|""|""|861785|""|CASAMIGOS REPOSADO 1750|""|""|""|2026-02-28|OnHand|820|""|""|""|""|""||CAD
CA-AB|State Monopoly|Alberta|""|""|0010017645|Alberta Warehouse Total|Alberta Warehouse Total|""|""|""|""|""|""|""|""|""|""|""|""|861785|""|CASAMIGOS REPOSADO 1750|""|""|""|2026-02-28|OnOrder|1456|""|""|""|""|""||CAD
CA-AB|State Monopoly|Alberta|""|""|0010017645|Alberta Warehouse Total|Alberta Warehouse Total|""|""|""|""|""|""|""|""|""|""|""|""|862359|""|SMIRNOFF ICE PEACH LEMONADE 2130|""|""|""|2026-02-28|OnHand|1149|""|""|""|""|""||CAD
CA-AB|State Monopoly|Alberta|""|""|0010017645|Alberta Warehouse Total|Alberta Warehouse Total|""|""|""|""|""|""|""|""|""|""|""|""|862361|""|SMIRNOFF ICE PEACH LEMONADE 473|""|""|""|2026-02-28|OnHand|173|""|""|""|""|""||CAD
CA-AB|State Monopoly|Alberta|""|""|0010017645|Alberta Warehouse Total|Alberta Warehouse Total|""|""|""|""|""|""|""|""|""|""|""|""|862441|""|SMIRNOFF VODKA & SODA BERRY BLAST (6PK) 2130|""|""|""|2026-02-28|OnHand|1718|""|""|""|""|""||CAD
CA-AB|State Monopoly|Alberta|""|""|0010017645|Alberta Warehouse Total|Alberta Warehouse Total|""|""|""|""|""|""|""|""|""|""|""|""|862445|""|SMIRNOFF SELTZER LEMONADE VARIETY PACK 4260|""|""|""|2026-02-28|OnHand|1111|""|""|""|""|""||CAD
CA-AB|State Monopoly|Alberta|""|""|0010017645|Alberta Warehouse Total|Alberta Warehouse Total|""|""|""|""|""|""|""|""|""|""|""|""|862445|""|SMIRNOFF SELTZER LEMONADE VARIETY PACK 4260|""|""|""|2026-02-28|OnOrder|312|""|""|""|""|""||CAD
CA-AB|State Monopoly|Alberta|""|""|0010017645|Alberta Warehouse Total|Alberta Warehouse Total|""|""|""|""|""|""|""|""|""|""|""|""|866342|""|SMIRNOFF ICE 12PK CANS 4260|""|""|""|2026-02-28|OnHand|15037|""|""|""|""|""||CAD
CA-AB|State Monopoly|Alberta|""|""|0010017645|Alberta Warehouse Total|Alberta Warehouse Total|""|""|""|""|""|""|""|""|""|""|""|""|866377|""|SMIRNOFF PEACH LEMONADE ON PACK 50|""|""|""|2026-02-28|OnHand|50|""|""|""|""|""||CAD
CA-AB|State Monopoly|Alberta|""|""|0010017645|Alberta Warehouse Total|Alberta Warehouse Total|""|""|""|""|""|""|""|""|""|""|""|""|866377|""|SMIRNOFF PEACH LEMONADE ON PACK 50|""|""|""|2026-02-28|OnOrder|100|""|""|""|""|""||CAD
CA-AB|State Monopoly|Alberta|""|""|0010017645|Alberta Warehouse Total|Alberta Warehouse Total|""|""|""|""|""|""|""|""|""|""|""|""|867211|""|BAILEYS S'MORES 750|""|""|""|2026-02-28|OnHand|30|""|""|""|""|""||CAD
CA-AB|State Monopoly|Alberta|""|""|0010017645|Alberta Warehouse Total|Alberta Warehouse Total|""|""|""|""|""|""|""|""|""|""|""|""|871392|""|CASAMIGOS BLANCO TEQUILA 375|""|""|""|2026-02-28|OnHand|69|""|""|""|""|""||CAD
CA-AB|State Monopoly|Alberta|""|""|0010017645|Alberta Warehouse Total|Alberta Warehouse Total|""|""|""|""|""|""|""|""|""|""|""|""|871392|""|CASAMIGOS BLANCO TEQUILA 375|""|""|""|2026-02-28|OnOrder|90|""|""|""|""|""||CAD
CA-AB|State Monopoly|Alberta|""|""|0010017645|Alberta Warehouse Total|Alberta Warehouse Total|""|""|""|""|""|""|""|""|""|""|""|""|872727|""|BULLEIT - SINGLE BARREL 750|""|""|""|2026-02-28|OnHand|2|""|""|""|""|""||CAD
CA-AB|State Monopoly|Alberta|""|""|0010017645|Alberta Warehouse Total|Alberta Warehouse Total|""|""|""|""|""|""|""|""|""|""|""|""|873314|""|DON JULIO 70TH 750|""|""|""|2026-02-28|OnHand|378|""|""|""|""|""||CAD
CA-AB|State Monopoly|Alberta|""|""|0010017645|Alberta Warehouse Total|Alberta Warehouse Total|""|""|""|""|""|""|""|""|""|""|""|""|878510|""|DALWHINNIE DISTILLERS EDITION HIGHLAND 750|""|""|""|2026-02-28|OnHand|74|""|""|""|""|""||CAD
CA-AB|State Monopoly|Alberta|""|""|0010017645|Alberta Warehouse Total|Alberta Warehouse Total|""|""|""|""|""|""|""|""|""|""|""|""|878514|""|TALISKER DISTILLERS EDITION 750|""|""|""|2026-02-28|OnHand|99|""|""|""|""|""||CAD
CA-AB|State Monopoly|Alberta|""|""|0010017645|Alberta Warehouse Total|Alberta Warehouse Total|""|""|""|""|""|""|""|""|""|""|""|""|878515|""|SMIRNOFF SPICY TAMARIND 750|""|""|""|2026-02-28|OnHand|522|""|""|""|""|""||CAD
CA-AB|State Monopoly|Alberta|""|""|0010017645|Alberta Warehouse Total|Alberta Warehouse Total|""|""|""|""|""|""|""|""|""|""|""|""|878609|""|GUINNESS EXTRA STOUT 1980|""|""|""|2026-02-28|OnHand|3050|""|""|""|""|""||CAD
CA-AB|State Monopoly|Alberta|""|""|0010017645|Alberta Warehouse Total|Alberta Warehouse Total|""|""|""|""|""|""|""|""|""|""|""|""|878609|""|GUINNESS EXTRA STOUT 1980|""|""|""|2026-02-28|OnOrder|3600|""|""|""|""|""||CAD
CA-AB|State Monopoly|Alberta|""|""|0010017645|Alberta Warehouse Total|Alberta Warehouse Total|""|""|""|""|""|""|""|""|""|""|""|""|880553|""|SMIRNOFF ICE CREAMSICLE BLAST 6PK 2130|""|""|""|2026-02-28|OnHand|1344|""|""|""|""|""||CAD
CA-AB|State Monopoly|Alberta|""|""|0010017645|Alberta Warehouse Total|Alberta Warehouse Total|""|""|""|""|""|""|""|""|""|""|""|""|880553|""|SMIRNOFF ICE CREAMSICLE BLAST 6PK 2130|""|""|""|2026-02-28|OnOrder|990|""|""|""|""|""||CAD
CA-AB|State Monopoly|Alberta|""|""|0010017645|Alberta Warehouse Total|Alberta Warehouse Total|""|""|""|""|""|""|""|""|""|""|""|""|880554|""|SMIRNOFF ICE CREAMSICLE BLAST 473|""|""|""|2026-02-28|OnHand|343|""|""|""|""|""||CAD
CA-AB|State Monopoly|Alberta|""|""|0010017645|Alberta Warehouse Total|Alberta Warehouse Total|""|""|""|""|""|""|""|""|""|""|""|""|880554|""|SMIRNOFF ICE CREAMSICLE BLAST 473|""|""|""|2026-02-28|OnOrder|240|""|""|""|""|""||CAD
CA-AB|State Monopoly|Alberta|""|""|0010017645|Alberta Warehouse Total|Alberta Warehouse Total|""|""|""|""|""|""|""|""|""|""|""|""|880559|""|CAPTAIN MORGAN MANGO MAI TAI 1420|""|""|""|2026-02-28|OnHand|1249|""|""|""|""|""||CAD
CA-AB|State Monopoly|Alberta|""|""|0010017645|Alberta Warehouse Total|Alberta Warehouse Total|""|""|""|""|""|""|""|""|""|""|""|""|880560|""|CAPTAIN MORGAN PINEAPPLE DAIQUIRI 1420|""|""|""|2026-02-28|OnHand|678|""|""|""|""|""||CAD
CA-AB|State Monopoly|Alberta|""|""|0010017645|Alberta Warehouse Total|Alberta Warehouse Total|""|""|""|""|""|""|""|""|""|""|""|""|883169|""|SMIRNOFF CREAMSICLE BLAST 750|""|""|""|2026-02-28|OnHand|109|""|""|""|""|""||CAD
CA-AB|State Monopoly|Alberta|""|""|0010017645|Alberta Warehouse Total|Alberta Warehouse Total|""|""|""|""|""|""|""|""|""|""|""|""|883187|""|SMIRNOFF GREEN APPLE 375ML 375|""|""|""|2026-02-28|OnHand|152|""|""|""|""|""||CAD
CA-AB|State Monopoly|Alberta|""|""|0010017645|Alberta Warehouse Total|Alberta Warehouse Total|""|""|""|""|""|""|""|""|""|""|""|""|883188|""|SMIRNOFF RASPBERRY 375ML 375|""|""|""|2026-02-28|OnHand|238|""|""|""|""|""||CAD
CA-AB|State Monopoly|Alberta|""|""|0010017645|Alberta Warehouse Total|Alberta Warehouse Total|""|""|""|""|""|""|""|""|""|""|""|""|883188|""|SMIRNOFF RASPBERRY 375ML 375|""|""|""|2026-02-28|OnOrder|156|""|""|""|""|""||CAD
CA-AB|State Monopoly|Alberta|""|""|0010017645|Alberta Warehouse Total|Alberta Warehouse Total|""|""|""|""|""|""|""|""|""|""|""|""|883192|""|JOHNNIE WALKER DOUBLE BLACK 750|""|""|""|2026-02-28|OnHand|185|""|""|""|""|""||CAD
CA-AB|State Monopoly|Alberta|""|""|0010017645|Alberta Warehouse Total|Alberta Warehouse Total|""|""|""|""|""|""|""|""|""|""|""|""|885279|""|CASAMIGOS BLANCO TEQUILA 1750|""|""|""|2026-02-28|OnHand|942|""|""|""|""|""||CAD
CA-AB|State Monopoly|Alberta|""|""|0010017645|Alberta Warehouse Total|Alberta Warehouse Total|""|""|""|""|""|""|""|""|""|""|""|""|885279|""|CASAMIGOS BLANCO TEQUILA 1750|""|""|""|2026-02-28|OnOrder|104|""|""|""|""|""||CAD
CA-AB|State Monopoly|Alberta|""|""|0010017645|Alberta Warehouse Total|Alberta Warehouse Total|""|""|""|""|""|""|""|""|""|""|""|""|889410|""|AVIATION GIN 750|""|""|""|2026-02-28|OnHand|783|""|""|""|""|""||CAD
CA-AB|State Monopoly|Alberta|""|""|0010017645|Alberta Warehouse Total|Alberta Warehouse Total|""|""|""|""|""|""|""|""|""|""|""|""|890956|""|SMIRNOFF BERRY BLAST 750|""|""|""|2026-02-28|OnHand|203|""|""|""|""|""||CAD
CA-AB|State Monopoly|Alberta|""|""|0010017645|Alberta Warehouse Total|Alberta Warehouse Total|""|""|""|""|""|""|""|""|""|""|""|""|890956|""|SMIRNOFF BERRY BLAST 750|""|""|""|2026-02-28|OnOrder|120|""|""|""|""|""||CAD
CA-AB|State Monopoly|Alberta|""|""|0010017645|Alberta Warehouse Total|Alberta Warehouse Total|""|""|""|""|""|""|""|""|""|""|""|""|891077|""|CIROC PASSION 750ML 750|""|""|""|2026-02-28|OnHand|121|""|""|""|""|""||CAD
CA-AB|State Monopoly|Alberta|""|""|0010017645|Alberta Warehouse Total|Alberta Warehouse Total|""|""|""|""|""|""|""|""|""|""|""|""|891078|""|DON JULIO PRIMAVERA 750|""|""|""|2026-02-28|OnHand|290|""|""|""|""|""||CAD
CA-AB|State Monopoly|Alberta|""|""|0010017645|Alberta Warehouse Total|Alberta Warehouse Total|""|""|""|""|""|""|""|""|""|""|""|""|893518|""|GUINNESS ZERO 1760|""|""|""|2026-02-28|OnHand|28|""|""|""|""|""||CAD
CA-AB|State Monopoly|Alberta|""|""|0010017645|Alberta Warehouse Total|Alberta Warehouse Total|""|""|""|""|""|""|""|""|""|""|""|""|893518|""|GUINNESS ZERO 1760|""|""|""|2026-02-28|OnOrder|7680|""|""|""|""|""||CAD
CA-AB|State Monopoly|Alberta|""|""|0010017645|Alberta Warehouse Total|Alberta Warehouse Total|""|""|""|""|""|""|""|""|""|""|""|""|893528|""|JOHNNIE WALKER BLUE XORDINAIRE 1000|""|""|""|2026-02-28|OnHand|75|""|""|""|""|""||CAD
CA-AB|State Monopoly|Alberta|""|""|0010017645|Alberta Warehouse Total|Alberta Warehouse Total|""|""|""|""|""|""|""|""|""|""|""|""|893530|""|DF TALISKER SURGE 700|""|""|""|2026-02-28|OnHand|79|""|""|""|""|""||CAD
CA-AB|State Monopoly|Alberta|""|""|0010017645|Alberta Warehouse Total|Alberta Warehouse Total|""|""|""|""|""|""|""|""|""|""|""|""|893557|""|TALISKER SINGLE MALT SCOTCH WHISKY SR23 750|""|""|""|2026-02-28|OnHand|65|""|""|""|""|""||CAD
CA-AB|State Monopoly|Alberta|""|""|0010017645|Alberta Warehouse Total|Alberta Warehouse Total|""|""|""|""|""|""|""|""|""|""|""|""|893567|""|ROSEISLE 12 YO SR23 750|""|""|""|2026-02-28|OnHand|41|""|""|""|""|""||CAD
CA-AB|State Monopoly|Alberta|""|""|0010017645|Alberta Warehouse Total|Alberta Warehouse Total|""|""|""|""|""|""|""|""|""|""|""|""|895268|""|CROWN ROYAL GIFT CARTON 750|""|""|""|2026-02-28|OnHand|478|""|""|""|""|""||CAD
CA-AB|State Monopoly|Alberta|""|""|0010017645|Alberta Warehouse Total|Alberta Warehouse Total|""|""|""|""|""|""|""|""|""|""|""|""|897149|""|BLADE AND BOW 750|""|""|""|2026-02-28|OnHand|120|""|""|""|""|""||CAD
CA-AB|State Monopoly|Alberta|""|""|0010017645|Alberta Warehouse Total|Alberta Warehouse Total|""|""|""|""|""|""|""|""|""|""|""|""|899345|""|CIROC LIMONATA 750|""|""|""|2026-02-28|OnHand|44|""|""|""|""|""||CAD
CA-AB|State Monopoly|Alberta|""|""|0010017645|Alberta Warehouse Total|Alberta Warehouse Total|""|""|""|""|""|""|""|""|""|""|""|""|899893|""|SOMBRA JOVEN 1LITRE 1000|""|""|""|2026-02-28|OnHand|66|""|""|""|""|""||CAD
